sales_id,active_wallets,cumulative_sales,date,primary_sales_cumulative,sales_count
1,0,0,"2022-05-10 21:52:31",0,0
2,8,1020.3,"2022-05-10 21:52:37",0,19
3,21,2261.14,"2022-05-10 21:52:42",0,40
4,28,2778.69,"2022-05-10 21:52:47",0,53
5,34,3203.32,"2022-05-10 21:52:52",0,67
6,44,5296.23,NULL,0,100
7,46,6543.49,NULL,0,115
8,49,8729.21,NULL,0,153
9,53,10437.36,NULL,0,174
10,55,13578.16,NULL,0,184
11,57,16502.77,NULL,0,215
12,59,23752.56,NULL,0,266
13,62,37258.49,NULL,0,324
14,62,39098.78,NULL,0,342
15,64,46120.95,NULL,0,365
16,65,53203.46,NULL,0,402
17,67,56431.34,NULL,0,432
18,70,57400.45,NULL,0,444
19,74,62310.5,NULL,0,461
20,76,68019.87,NULL,0,504
21,81,69798.6,NULL,0,521
22,86,75099.57,NULL,0,552
23,87,75547.97,NULL,0,559
24,88,76097.66,NULL,0,564
25,90,76416.85,NULL,0,567
26,91,77869.05,NULL,0,572
27,93,80790.72,NULL,0,602
28,93,84227.47,NULL,0,633
29,93,86580.18,NULL,0,654
30,95,88715.19,NULL,0,675
31,96,89759.95,NULL,0,688
32,97,90181.65,NULL,0,694
33,99,91308.47,NULL,0,709
34,101,93077.94,NULL,0,717
35,102,93392.45,NULL,0,722
36,103,93504.21,NULL,0,724
37,104,93878.21,NULL,0,729
38,105,94885.01,NULL,0,737
39,105,96364,NULL,0,753
40,106,96577.45,NULL,0,755
41,106,96686.45,NULL,0,757
42,106,97212.19,NULL,0,758
43,109,101812.09,NULL,0,779
44,109,101812.09,NULL,0,779
45,110,103331.02,NULL,0,781
46,110,103331.02,NULL,0,781
47,110,103407.54,NULL,0,782
48,112,104405.14,NULL,0,787
49,112,104672.5,NULL,0,790
50,112,104853.54,NULL,0,792
51,114,105512.91,NULL,0,800
52,116,106551.43,NULL,0,817
53,117,107356.72,NULL,0,824
54,118,107860.59,NULL,0,827
55,118,108121.48,NULL,0,831
56,118,108331.51,NULL,0,833
57,118,108481.79,NULL,0,835
58,118,108570.63,NULL,0,836
59,119,108689.28,NULL,0,837
60,119,108851.62,NULL,0,838
61,120,109644.24,NULL,0,846
62,120,109731.65,NULL,0,847
63,121,109886.87,NULL,0,849
64,121,109886.87,NULL,0,849
65,122,110143.51,NULL,0,852
66,122,110242.47,NULL,0,853
67,122,110242.47,NULL,0,853
68,124,111388.32,NULL,0,862
69,124,111480.02,NULL,0,863
70,125,111654.32,NULL,0,865
71,125,111757.71,NULL,0,866
72,125,112263.82,NULL,0,871
73,126,112333.1,NULL,0,874
74,126,112333.1,NULL,0,874
75,128,112647.8,NULL,0,877
76,128,112647.8,NULL,0,877
77,128,112647.8,NULL,0,877
78,128,112647.8,NULL,0,877
79,129,112723.92,NULL,0,878
80,129,112723.92,NULL,0,878
81,129,112925.94,NULL,0,881
82,129,113065.28,NULL,0,883
83,129,113146.65,NULL,0,885
84,129,113146.65,NULL,0,885
85,129,113146.65,NULL,0,885
86,129,113146.65,NULL,0,885
87,129,113217.64,NULL,0,886
88,130,113351.36,NULL,0,888
89,131,113414.71,NULL,0,889
90,132,113793.31,NULL,0,893
91,132,114166.06,NULL,0,896
92,134,114374.6,NULL,0,900
93,134,114445.74,NULL,0,901
94,135,114689.31,NULL,0,905
95,135,114745.45,NULL,0,906
96,135,114745.45,NULL,0,906
97,135,114745.45,NULL,0,906
98,136,115168.46,NULL,0,910
99,137,115204.66,NULL,0,911
100,137,115519.01,NULL,0,918
101,137,115679.53,NULL,0,928
102,138,116129.05,NULL,0,929
103,138,116129.05,NULL,0,929
104,138,116129.05,NULL,0,929
105,138,116187.65,NULL,0,930
106,138,116187.65,NULL,0,930
107,138,116187.65,NULL,0,930
108,138,116187.65,NULL,0,930
109,138,116280.69,NULL,0,931
110,138,116307.32,NULL,0,932
111,138,116307.32,NULL,0,932
112,138,116374.04,NULL,0,933
113,138,116413.3,NULL,0,934
114,140,116768.15,NULL,0,938
115,140,117023.01,NULL,0,942
116,140,117200.76,NULL,0,945
117,140,117380.03,NULL,0,947
118,140,117380.03,NULL,0,947
119,140,117380.03,NULL,0,947
120,140,117407.79,NULL,0,948
121,141,117504.54,NULL,0,949
122,141,117582.72,NULL,0,950
123,141,117582.72,NULL,0,950
124,141,117582.72,NULL,0,950
125,141,117582.72,NULL,0,950
126,141,117627.5,NULL,0,951
127,141,117896.42,NULL,0,958
128,141,118075.17,NULL,0,964
129,141,118253.05,NULL,0,970
130,141,118274.31,NULL,0,971
131,142,118491.75,NULL,0,974
132,143,118713.34,NULL,0,980
133,144,118824.42,NULL,0,984
134,146,118936.38,NULL,0,987
135,146,118936.38,NULL,0,987
136,147,119023.37,NULL,0,990
137,147,119023.37,NULL,0,990
138,147,119023.37,NULL,0,990
139,148,119289.08,NULL,0,991
140,148,119289.08,NULL,0,991
141,148,119437.35,NULL,0,993
142,148,119437.35,NULL,0,993
143,148,119437.35,NULL,0,993
144,148,119528.46,NULL,0,994
145,150,119591.53,NULL,0,996
146,150,119659.31,NULL,0,997
147,151,119796.37,NULL,0,999
148,151,119796.37,NULL,0,999
149,151,119796.37,NULL,0,999
150,151,119796.37,NULL,0,999
151,153,119868.29,NULL,0,1001
152,155,119978.03,NULL,0,1004
153,185,120359.15,NULL,105,1114
154,190,121053.73,NULL,141,1171
155,252,124682.12,NULL,1077,2287
156,319,131611.57,NULL,3628,5305
157,342,133837.07,NULL,5392,7246
158,348,136682.15,NULL,6475,8466
159,366,138303.71,NULL,7284,9434
160,502,143410.29,NULL,8427,11162
161,878,173615.62,NULL,12174,16740
162,1153,197276.98,NULL,18470,24900
163,1550,234124.33,NULL,24206,32787
164,2365,502403,NULL,33276,46552
165,5049,1599738.38,NULL,49822,76317
166,8796,4032236.53,NULL,73474,115308
167,13445,6363849.6,NULL,98671,156833
168,16914,8266232.12,NULL,118599,189193
169,21209,10072689.12,NULL,140695,227386
170,25680,12209686,NULL,167745,272593
171,29770,14056240.95,NULL,198581,323607
172,33565,15434077.92,NULL,230365,375641
173,36744,16572006.76,NULL,258439,422708
174,39096,17400529.19,NULL,282397,460103
175,41406,18034254.58,NULL,299635,489799
176,43140,18642696.79,NULL,319772,520734
177,44550,19103173.27,NULL,334483,543764
178,45971,20154520.15,NULL,353264,570959
179,47178,20825134.62,NULL,367064,592114
180,48429,21337256.73,NULL,378869,611175
181,49098,21759847.87,NULL,388058,625222
182,50008,22685558.66,NULL,398204,646005
183,50835,23855008.94,NULL,408694,661808
184,51500,25828464.11,NULL,421261,678090
185,52328,27973984.11,NULL,431856,692687
186,53054,29617165.13,NULL,440539,705268
187,53466,31448628.59,NULL,447188,715090
188,53906,32434693.3,NULL,452144,723036
189,54421,33089254.52,NULL,457876,732142
190,54955,33477458.42,NULL,464468,742121
191,55474,33830493.57,NULL,469875,750395
192,55908,33959868.02,NULL,473753,757036
193,56279,34147673.8,NULL,478023,763957
194,56607,34291082.89,NULL,482719,771543
195,56996,34498430.87,NULL,486706,778027
196,57300,34632482.19,NULL,488865,781635
197,57506,34691174.96,NULL,490447,784203
198,57666,34735324.31,NULL,491582,786279
199,57957,34819737.98,NULL,493265,789185
200,58193,34884309.25,NULL,495203,792379
201,58456,34945278.4,NULL,496693,794929
202,58635,35001619.74,NULL,497772,796695
203,58742,35054177.81,NULL,498604,798021
204,58897,35108922.94,NULL,499900,800180
205,59125,35172985.72,NULL,501401,802662
206,59329,35235666.85,NULL,503017,805161
207,59559,35319071.12,NULL,504851,807978
208,59682,35369172.82,NULL,505980,809796
209,59815,35425802.95,NULL,507248,811814
210,59955,35471906.69,NULL,508736,814140
211,60184,35525826.1,NULL,510536,816958
212,60374,35609037.36,NULL,512584,820075
213,60564,35761029.42,NULL,514643,823293
214,60754,35825606.01,NULL,516548,826380
215,60884,35873852.44,NULL,518432,829405
216,61045,35918966.8,NULL,520171,832292
217,61230,35966866.9,NULL,521859,834966
218,61322,36005075.65,NULL,523247,837218
219,61428,36054980.78,NULL,525084,840037
220,61674,36108948.46,NULL,527110,843177
221,61770,36178999.59,NULL,528738,845838
222,61902,36224013.71,NULL,530220,848312
223,62021,36280232.14,NULL,532199,851300
224,62143,36377394.93,NULL,534119,854158
225,62205,36411290.84,NULL,535528,856234
226,62277,36454311.58,NULL,537143,858730
227,62354,36490463.98,NULL,538599,861027
228,62460,36522165.46,NULL,539918,863077
229,62549,36552761.96,NULL,541282,865462
230,62683,36588330.74,NULL,543485,868797
231,62817,36626897.15,NULL,545328,871696
232,63002,36661012.1,NULL,547021,874456
233,63134,36711769.75,NULL,548700,877287
234,63218,36778217.36,NULL,549939,879405
235,63315,36843863.43,NULL,551970,882831
236,63461,36902875.03,NULL,553988,886072
237,63586,36997175.64,NULL,556184,889794
238,63757,37421930.61,NULL,558987,895443
239,63928,38150353.8,NULL,562525,901843
240,64113,38312014.95,NULL,566251,907316
241,64220,38474454.33,NULL,568978,911557
242,64321,38646955.74,NULL,571537,915987
243,64479,38865079.53,NULL,574681,921004
244,64585,39108216.34,NULL,577841,925553
245,64718,39197679.55,NULL,580658,929585
246,64827,39280069.24,NULL,583379,933459
247,64946,39403752.6,NULL,586368,937866
248,65092,39568601.89,NULL,592784,946458
249,65188,39692536.14,NULL,600219,955593
250,65255,39827268.39,NULL,605336,962305
251,65440,39994479.43,NULL,611514,970876
252,65503,40121637.55,NULL,617639,978594
253,65618,40215192.78,NULL,622159,984556
254,65698,40294542.82,NULL,625310,988912
255,65742,40379612.46,NULL,628562,993402
256,66006,40599523.45,NULL,632443,998568
257,66164,40731039.49,NULL,635853,1002938
258,66317,40849981.42,NULL,638341,1006715
259,66433,41019899.53,NULL,641599,1011809
260,66582,41119082.27,NULL,646514,1018390
261,66782,41210586.06,NULL,651301,1024503
262,66893,41306949.95,NULL,659318,1033580
263,66979,41370259.02,NULL,662339,1037647
264,67081,41439542,NULL,665420,1042481
265,67196,41503386.54,NULL,668235,1046239
266,67332,41560554.66,NULL,671418,1050690
267,67433,41601361.16,NULL,674319,1054626
268,67542,41649611.3,NULL,676508,1057755
269,67658,41701763.76,NULL,679330,1061521
270,67720,41741568.12,NULL,681401,1064345
271,67857,41793974.97,NULL,683677,1067472
272,68064,42009633.39,NULL,685598,1070533
273,68361,42269558.93,NULL,687567,1073914
274,68573,42409590.89,NULL,689643,1077316
275,68709,42702689.86,NULL,691449,1080472
276,68877,42820751.86,NULL,693405,1083648
277,69017,42935226.48,NULL,698618,1089977
278,69196,43031961.23,NULL,700640,1093026
279,69372,43137118.17,NULL,702778,1096480
280,69524,43327436.07,NULL,705479,1100151
281,69657,43416823.88,NULL,708492,1104001
282,69807,43630963.94,NULL,713192,1109769
283,69924,43710064.22,NULL,715349,1112940
284,70008,43784507.92,NULL,717286,1115852
285,70107,43845744.66,NULL,719279,1119060
286,70250,43923138.07,NULL,721445,1122305
287,70353,43973402.55,NULL,723407,1125300
288,70496,44036729.88,NULL,725139,1128056
289,70693,44104985.05,NULL,727616,1131869
290,70790,44147403.63,NULL,729302,1134610
291,70985,44218654.3,NULL,735514,1142096
292,71153,44267240.43,NULL,739695,1147373
293,71277,44320422.61,NULL,741969,1150652
294,71457,44391213.38,NULL,744179,1154122
295,71547,44435434.63,NULL,745968,1157065
296,71730,44528128.45,NULL,750545,1163248
297,71898,44613960.82,NULL,754238,1168134
298,72042,44705746.9,NULL,757029,1172095
299,72144,44767326.72,NULL,759677,1175886
300,72175,44852377.02,NULL,763686,1180991
301,72261,44919957.69,NULL,766948,1185145
302,72374,44980260.73,NULL,769937,1189017
303,72527,45030215,NULL,773145,1193090
304,72626,45076686.68,NULL,774867,1195662
305,72733,45127388.67,NULL,775965,1197478
306,72996,45284203.84,NULL,777152,1199342
307,73142,45366901.14,NULL,778545,1201563
308,73177,45461079.62,NULL,779880,1203848
309,73227,45522223.05,NULL,781019,1205642
310,73337,45582274.69,NULL,783345,1209030
311,73440,45642988.81,NULL,787838,1214305
312,73519,45744299.16,NULL,797068,1224238
313,73663,45852368.29,NULL,799680,1227589
314,73873,45921458.54,NULL,801228,1229837
315,74013,46016773.52,NULL,802725,1231944
316,74080,46084882.52,NULL,803899,1233669
317,74187,46170004.28,NULL,806086,1236525
318,74346,46258624.51,NULL,808998,1240042
319,74524,46320289.61,NULL,811155,1242872
320,74606,46378740.89,NULL,813196,1245606
321,74693,46459499.87,NULL,816029,1249330
322,74775,46515780.58,NULL,817846,1251718
323,74830,46570198.77,NULL,819343,1253808
324,74891,46642455.81,NULL,821111,1256315
325,74966,46680996.57,NULL,822749,1258589
326,75038,46725171.05,NULL,823983,1260390
327,75098,46753907.24,NULL,824945,1261799
328,75170,46780441.99,NULL,826054,1263444
329,75237,46824397.88,NULL,827787,1265898
330,75328,46876826.81,NULL,831115,1269781
331,75388,46929001.41,NULL,833958,1273158
332,75467,46974154.18,NULL,837018,1276807
333,75529,47027705.79,NULL,839072,1279470
334,75613,47057511.92,NULL,840344,1281296
335,75726,47088046.03,NULL,841761,1283145
336,75760,47116546.16,NULL,843102,1284856
337,76022,47152782.85,NULL,845287,1287892
338,76264,47199567.71,NULL,846536,1290192
339,76442,47242535.11,NULL,848493,1292883
340,76599,47278796.96,NULL,850603,1295694
341,76666,47323948.27,NULL,852066,1297787
342,76806,47372879,NULL,855568,1301898
343,76949,47432869.29,NULL,859380,1306433
344,77190,47476731.74,NULL,862059,1309783
345,77244,47511109.22,NULL,864169,1312662
346,77360,47559068.32,NULL,866528,1315575
347,77469,47617830.54,NULL,868358,1317903
348,77577,47665750.99,NULL,870077,1320094
349,77635,47721718.52,NULL,872040,1322608
350,77746,47775640.17,NULL,873420,1324619
351,77808,47838583.53,NULL,874972,1326792
352,77918,47906333.22,NULL,876441,1328856
353,77987,47942002.89,NULL,878649,1331637
354,78023,47982697.03,NULL,880257,1333702
355,78192,48025298.22,NULL,883121,1337083
356,78339,48062279.6,NULL,885417,1339986
357,78422,48113548.52,NULL,887088,1342258
358,78554,48159311.81,NULL,888644,1344184
359,78636,48209826.3,NULL,893309,1349437
360,78674,48238294.02,NULL,895287,1351793
361,78753,48294965.27,NULL,897291,1354228
362,78825,48389995.66,NULL,899446,1356983
363,78985,48481896.33,NULL,901598,1359747
364,79057,48526324.15,NULL,902956,1361722
365,79278,48589762.88,NULL,905454,1364811
366,79430,48647925.94,NULL,909819,1370048
367,79542,48693978.28,NULL,912153,1373076
368,79615,48746630.21,NULL,914598,1376119
369,79734,48790677.44,NULL,916558,1378693
370,79806,48829374.18,NULL,918285,1381017
371,79861,48864600.86,NULL,920124,1383445
372,79920,48904526.83,NULL,922181,1386078
373,79985,48962971.71,NULL,924757,1389376
374,80041,48996056.49,NULL,926823,1391798
375,80123,49014444.34,NULL,927895,1393131
376,80161,49031680.8,NULL,928468,1393830
377,80198,49060711.56,NULL,928929,1394455
378,80248,49164174.19,NULL,929538,1395210
379,80337,49196814.31,NULL,930241,1396218
380,80384,49219183.28,NULL,931733,1397934
381,80448,49235862.46,NULL,932861,1399200
382,80511,49255536.61,NULL,934308,1400985
383,80570,49289919.05,NULL,936718,1403782
384,80629,49321785.78,NULL,938389,1405829
385,80697,49361863.49,NULL,940181,1408250
386,80760,49404804.19,NULL,942656,1411238
387,80869,49450674.52,NULL,945996,1415058
388,80891,49469360.25,NULL,947376,1416674
389,80993,49501242.23,NULL,948532,1418158
390,81018,49554757.78,NULL,950270,1420343
391,81103,49596095.44,NULL,951687,1422267
392,81187,49645130.19,NULL,953053,1424149
393,81254,49681412.24,NULL,954535,1426452
394,81368,49709860.21,NULL,955760,1428362
395,81479,49740413.23,NULL,957546,1430621
396,81562,49792800.19,NULL,959258,1432913
397,81719,49837740.95,NULL,960960,1435461
398,81819,49890441.26,NULL,962297,1437382
399,81947,49932226.62,NULL,964291,1439883
400,81965,49975458.58,NULL,967079,1443320
401,82098,50391373,NULL,970559,1447472
402,82165,51288927.14,NULL,973140,1450619
403,82242,51319966.18,NULL,974832,1452867
404,82284,51493998.7,NULL,976202,1454729
405,82476,51588237.34,NULL,977733,1456803
406,82618,51622536.12,NULL,979808,1459364
407,82742,51855533.93,NULL,981521,1461733
408,82858,51902035.76,NULL,982718,1463510
409,82969,51955942.11,NULL,984061,1465523
410,83144,52013885.26,NULL,985203,1467370
411,83238,52058341.66,NULL,986190,1468991
412,83337,52111376.74,NULL,987121,1470412
413,83350,52145793.85,NULL,988307,1471896
414,83397,52179146.27,NULL,989380,1473305
415,83458,52200526.77,NULL,990444,1474796
416,83472,52221264.28,NULL,991731,1476667
417,83518,52243346.07,NULL,993256,1478828
418,83582,52272665.12,NULL,994908,1481079
419,83741,52347431.21,NULL,996912,1483787
420,83893,52408136.43,NULL,999300,1486801
421,84068,52457071.92,NULL,1002199,1490457
422,84174,52514431.46,NULL,1006446,1495526
423,84306,52606380.54,NULL,1011445,1502048
424,84381,52681953.36,NULL,1017362,1509124
425,84443,52730941.64,NULL,1019967,1512738
426,84586,52813208.57,NULL,1022615,1516321
427,84612,52864378.19,NULL,1024551,1518857
428,84763,52964607.79,NULL,1027745,1522986
429,84883,53058341.61,NULL,1031951,1528251
430,84939,53216321.42,NULL,1035765,1533160
431,84956,53265502.95,NULL,1038734,1536846
432,85022,53328579.16,NULL,1042938,1541768
433,85109,53407141.02,NULL,1046200,1545875
434,85177,53476130.33,NULL,1050082,1550821
435,85268,53542806.12,NULL,1057193,1559094
436,85412,53623117.06,NULL,1066503,1569546
437,85480,53701147.27,NULL,1074803,1578974
438,85624,53776207.98,NULL,1081683,1586928
439,85754,53851853.9,NULL,1087945,1594187
440,85807,54077886.64,NULL,1091980,1599129
441,86004,54172206.86,NULL,1096348,1604677
442,86228,54223906.76,NULL,1102216,1611915
443,86368,54299749.3,NULL,1108561,1619844
444,86477,54397820.09,NULL,1113263,1625944
445,86594,54486010.93,NULL,1120659,1635097
446,86712,54636180.7,NULL,1127368,1643150
447,86842,54716582.59,NULL,1136543,1654050
448,86917,54876284,NULL,1144700,1663880
449,87027,55039580.33,NULL,1147820,1668330
450,87189,55186617.09,NULL,1151204,1673099
451,87265,55289902.56,NULL,1153933,1676897
452,87321,55466897.38,NULL,1156315,1680119
453,87371,55535068.99,NULL,1159333,1683981
454,87468,55623676.77,NULL,1162469,1688232
455,87520,55740032.7,NULL,1166854,1693587
456,87566,55838640.14,NULL,1170487,1698004
457,87709,55996549.93,NULL,1175030,1703324
458,87810,56063748.65,NULL,1181254,1710418
459,87866,56267825.44,NULL,1185826,1715933
460,87989,56353468.71,NULL,1189734,1720796
461,88205,56418559.78,NULL,1193458,1725574
462,88450,56499822.24,NULL,1198283,1731457
463,88586,56602775.82,NULL,1203310,1737688
464,88642,56652339.12,NULL,1206115,1741348
465,88696,56736513.8,NULL,1209481,1745618
466,88792,56788384.61,NULL,1213643,1750614
467,88880,56860505.47,NULL,1217442,1755013
468,88947,56948313.26,NULL,1219945,1758146
469,89009,57104588.95,NULL,1222942,1761914
470,89145,57223799.89,NULL,1226548,1766257
471,89210,57340760.42,NULL,1232855,1773680
472,89271,57415716.48,NULL,1236503,1778139
473,89343,57498904.02,NULL,1240021,1782636
474,89403,57559105.27,NULL,1243343,1786882
475,89491,57633310.44,NULL,1246166,1790582
476,89531,57723978.52,NULL,1249497,1794903
477,89588,57864510.29,NULL,1254864,1801199
478,89637,58034342.26,NULL,1258681,1805898
479,89713,58163166.35,NULL,1261753,1809861
480,89752,58232911.14,NULL,1264343,1813176
481,89793,58327147.54,NULL,1266732,1816292
482,89843,58379201.36,NULL,1269220,1819660
483,89903,58464818.43,NULL,1273728,1825180
484,89941,58563826.65,NULL,1276324,1828667
485,89987,58643222.77,NULL,1282953,1836752
486,90076,58694350.58,NULL,1286648,1841417
487,90162,58741979.49,NULL,1291333,1846914
488,90176,58929423.01,NULL,1294911,1851138
489,90229,59025498.48,NULL,1299229,1856343
490,90322,59118350.4,NULL,1302432,1860632
491,90377,59178319.52,NULL,1305186,1864187
492,90420,59231988.5,NULL,1308998,1868774
493,90485,59290179.67,NULL,1313503,1874218
494,90518,59351563.48,NULL,1316888,1878507
495,90585,59414410.71,NULL,1320378,1882794
496,90661,59542214.77,NULL,1323385,1886604
497,90788,59582688.2,NULL,1326244,1890349
498,90928,59688541.63,NULL,1329155,1894297
499,91024,59809828.56,NULL,1332021,1898141
500,91134,59857476.89,NULL,1335766,1902763
501,91303,59916019.82,NULL,1339473,1907486
502,91398,60190689.67,NULL,1342973,1911939
503,91493,60290359.8,NULL,1345838,1915719
504,91521,60427918.76,NULL,1350305,1920902
505,91603,60530995.67,NULL,1353107,1924658
506,91694,60609875.87,NULL,1355764,1928212
507,91779,60676390.56,NULL,1359041,1932294
508,91870,60908697.46,NULL,1362450,1936432
509,91929,61005429.96,NULL,1365604,1940417
510,91960,61164733.9,NULL,1369867,1945734
511,92142,61301965.86,NULL,1374276,1951214
512,92207,61427120.23,NULL,1382991,1961455
513,92292,61519551.61,NULL,1388442,1968039
514,92344,61559202.57,NULL,1392405,1972914
515,92403,61617357.56,NULL,1395987,1977537
516,92444,61720238.34,NULL,1399310,1981626
517,92529,61789716.25,NULL,1402535,1985658
518,92592,61830565.89,NULL,1407972,1992093
519,92671,61883785.87,NULL,1413469,1998720
520,92743,61953203.85,NULL,1417160,2003332
521,92776,62002092.44,NULL,1420876,2007876
522,92831,62033880.91,NULL,1425250,2013057
523,93016,62084745.31,NULL,1430082,2019035
524,93116,62130054.74,NULL,1435167,2025173
525,93179,62180092.76,NULL,1439282,2030302
526,93388,62278317.67,NULL,1443003,2034929
527,93544,62382590.19,NULL,1448115,2041032
528,93645,62441696.44,NULL,1457577,2051912
529,93727,62496110.85,NULL,1464097,2059399
530,93806,62531513.97,NULL,1470172,2066608
531,93904,62575689.6,NULL,1475495,2072935
532,94055,62632739.09,NULL,1480117,2086659
533,94108,62667949.84,NULL,1484606,2092303
534,94241,62702239.02,NULL,1488770,2098744
535,94309,62765273.8,NULL,1491330,2103033
536,94356,62808412.67,NULL,1494607,2107508
537,94425,62839316.64,NULL,1496611,2110623
538,94518,63006328.98,NULL,1499160,2114185
539,94656,63884107.09,NULL,1502165,2118289
540,94716,63928454.31,NULL,1506480,2123666
541,94771,64112198.14,NULL,1510161,2128526
542,94865,64225983.89,NULL,1515336,2134964
543,94931,64420264.58,NULL,1520269,2141005
544,94962,64474344.94,NULL,1524147,2145721
545,95059,64537597.91,NULL,1527028,2149491
546,95075,64926900.97,NULL,1530167,2153566
547,95198,65997500.34,NULL,1534066,2158541
548,95479,68889504.9,NULL,1540335,2165676
549,95605,69488604.59,NULL,1543488,2169700
550,95832,70669689.7,NULL,1549424,2176718
551,95914,70739685.86,NULL,1552450,2180666
552,95963,70806581.14,NULL,1554823,2183839
553,96017,70832422.01,NULL,1556988,2186801
554,96083,70860969.07,NULL,1559132,2189680
555,96148,70920253.29,NULL,1561484,2192927
556,96198,70945507.22,NULL,1563703,2196075
557,96299,71006481.34,NULL,1566077,2199161
558,96340,71063015.13,NULL,1568691,2202516
559,96401,71084245.9,NULL,1570448,2204983
560,96543,71112148.03,NULL,1572367,2207674
561,96629,71157226.93,NULL,1574293,2210421
562,96708,71210196.75,NULL,1576256,2213169
563,96772,71239505.57,NULL,1578368,2216027
564,96808,71972763.02,NULL,1580287,2218787
565,96880,72010045.21,NULL,1582468,2221937
566,96947,72065939.91,NULL,1584071,2224317
567,96967,72107046.22,NULL,1585846,2226839
568,97078,72152598.17,NULL,1588152,2230760
569,97162,72212785.54,NULL,1594503,2238886
570,97213,72283540.32,NULL,1599188,2244791
571,97285,72373794.08,NULL,1603393,2250398
572,97333,72466168.57,NULL,1606678,2254864
573,97491,72498325.23,NULL,1609906,2259130
574,97572,72557491.78,NULL,1613309,2263535
575,97596,72602799.4,NULL,1615954,2267327
576,97654,72660144.44,NULL,1619401,2271844
577,97850,72701694.99,NULL,1622413,2276122
578,97931,72766620.5,NULL,1625509,2280868
579,97979,72800019.01,NULL,1628546,2285133
580,98072,72824024.82,NULL,1630166,2287656
581,98182,72851666.88,NULL,1632119,2290710
582,98310,72880060.35,NULL,1635004,2294557
583,98470,72925789.62,NULL,1637195,2297884
584,98595,72962164.94,NULL,1643078,2305409
585,98674,73024230.14,NULL,1648670,2312360
586,98824,73084258.27,NULL,1652132,2317015
587,98875,73110408.55,NULL,1654275,2320337
588,98963,74000187.38,NULL,1656527,2323722
589,98991,74028029.16,NULL,1658609,2326709
590,99114,74060083.34,NULL,1661196,2330595
591,99288,74096598.53,NULL,1664332,2334745
592,99489,74137319.98,NULL,1667842,2339478
593,99579,74170174.56,NULL,1670014,2342756
594,99711,74224445.86,NULL,1672003,2345756
595,99851,74277798.17,NULL,1673658,2348315
596,100019,74312509.58,NULL,1675646,2351163
597,100128,74340995.67,NULL,1678059,2354362
598,100229,74367152.12,NULL,1682709,2360413
599,100284,74421249.8,NULL,1687081,2366101
600,100334,74467346.39,NULL,1690229,2370703
601,100399,74494735.11,NULL,1692846,2374606
602,100451,74521207.47,NULL,1695328,2378405
603,100490,74554007.76,NULL,1698793,2383094
604,100593,74587946.34,NULL,1701360,2386801
605,100806,74617141.31,NULL,1706543,2393432
606,100980,74677854.24,NULL,1710316,2398695
607,101017,74715625.7,NULL,1713626,2403185
608,101086,74775724.3,NULL,1715209,2405816
609,101136,74835000.17,NULL,1717054,2408851
610,101189,74889040.67,NULL,1719281,2412505
611,101263,74931254.29,NULL,1722334,2416910
612,101291,74969026.08,NULL,1725792,2421834
613,101333,75002523.71,NULL,1728891,2425881
614,101412,75042630.38,NULL,1732131,2430067
615,101554,75099164.27,NULL,1735672,2434586
616,101787,75157019.14,NULL,1737547,2437462
617,101853,75201432.41,NULL,1739048,2439974
618,101968,75257595.51,NULL,1741536,2443706
619,102040,75352948.62,NULL,1745566,2449247
620,102125,75413891.08,NULL,1751027,2456201
621,102221,75504106.78,NULL,1755081,2461409
622,102337,75601210.87,NULL,1758634,2466233
623,102398,75669780.25,NULL,1762474,2471446
624,102513,75727898.88,NULL,1767033,2477163
625,102560,75807106.09,NULL,1772142,2483787
626,102702,75876420.9,NULL,1776986,2490044
627,102805,75957360.52,NULL,1780434,2494791
628,102897,76010523.31,NULL,1783057,2498854
629,103049,76120706.31,NULL,1785965,2503351
630,103100,76182591,NULL,1788629,2507321
631,103293,76259385.51,NULL,1791316,2511237
632,103393,76329897.81,NULL,1794333,2515848
633,103471,76392724.78,NULL,1800103,2523290
634,103592,76476659.62,NULL,1805319,2529944
635,103687,76549574.89,NULL,1809358,2535233
636,103795,76616901.83,NULL,1813084,2540306
637,103867,76683477.09,NULL,1816588,2545242
638,103992,76737721.25,NULL,1819428,2549747
639,104152,76792987.42,NULL,1822756,2554740
640,104233,76872436.21,NULL,1827534,2560884
641,104315,76964160.38,NULL,1832471,2567209
642,104452,77028738.03,NULL,1836276,2572519
643,104542,77110114.36,NULL,1839514,2577376
644,104642,77161783.64,NULL,1842579,2581878
645,104790,77277217.16,NULL,1845212,2586038
646,105032,77390279.78,NULL,1870433,2612747
647,105226,77462293.56,NULL,1878147,2622364
648,105248,77540651.63,NULL,1887022,2633236
649,105339,77638970.99,NULL,1893672,2641329
650,105527,77757668.33,NULL,1897689,2646808
651,105664,77827960.32,NULL,1900910,2651123
652,105789,77919857.11,NULL,1903572,2654992
653,105857,77995759.42,NULL,1906242,2658733
654,105878,78052338.48,NULL,1909362,2663028
655,105959,78118993.84,NULL,1912386,2667100
656,106087,78180400.53,NULL,1914345,2670017
657,106183,78243297.34,NULL,1916778,2673380
658,106262,78297613.12,NULL,1919469,2676939
659,106420,78359844.62,NULL,1921744,2680019
660,106621,78434953.47,NULL,1924566,2683757
661,106711,78497771.43,NULL,1929866,2690317
662,106881,78542102.33,NULL,1935959,2697584
663,106955,78640649.66,NULL,1938841,2701361
664,107018,78700926.4,NULL,1941804,2705333
665,107091,78742424.15,NULL,1945003,2709730
666,107243,78789579.16,NULL,1948292,2714200
667,107330,78842649.08,NULL,1952355,2719267
668,107424,78888576.49,NULL,1955859,2723943
669,107485,78948877.5,NULL,1959444,2728502
670,107540,78991331.39,NULL,1962540,2732488
671,107643,79041017.91,NULL,1965338,2736294
672,107728,79142835.41,NULL,1968035,2740146
673,107814,79187168.28,NULL,1970985,2744098
674,107929,79237498,NULL,1973767,2747773
675,108029,79308856.9,NULL,1977142,2752420
676,108146,79355796.71,NULL,1980571,2757057
677,108249,79395902.39,NULL,1983360,2760911
678,108383,79601602.78,NULL,1986334,2764992
679,108510,79646084.86,NULL,1990272,2770262
680,108552,79715505.04,NULL,1993915,2775112
681,108697,79765510.3,NULL,1997107,2779295
682,108960,79809435.31,NULL,2000755,2784200
683,109061,79865156.4,NULL,2004090,2788594
684,109179,79903413.32,NULL,2006653,2792281
685,109372,79941227.92,NULL,2008009,2794586
686,109524,79994460.3,NULL,2011219,2798708
687,109683,80036520.29,NULL,2014186,2802865
688,109878,80123900.59,NULL,2018314,2808345
689,110023,80173249.16,NULL,2024404,2815666
690,110185,80236815.14,NULL,2028838,2821164
691,110395,80308062.79,NULL,2032515,2825853
692,110546,80347802.44,NULL,2035349,2829755
693,110643,80418376.4,NULL,2036925,2832209
694,110728,80466659.37,NULL,2038109,2834464
695,110895,80590509.86,NULL,2040706,2837967
696,111102,80708085.69,NULL,2043347,2841675
697,111286,80794996.82,NULL,2046037,2845455
698,111492,80895839.2,NULL,2048521,2848872
699,111684,80992235.31,NULL,2050677,2852099
700,111724,81068212.72,NULL,2052618,2855381
701,111843,81148538.39,NULL,2054449,2858391
702,112063,81316964.12,NULL,2057397,2862740
703,112143,81408772.17,NULL,2061133,2867818
704,112332,81481625.04,NULL,2064661,2872632
705,112445,81668311.26,NULL,2067673,2877183
706,112556,81768322.9,NULL,2071643,2882451
707,112750,81839057.13,NULL,2075065,2887235
708,112885,81904964.1,NULL,2079224,2893066
709,112934,81991307.54,NULL,2082558,2897746
710,113026,82039390.74,NULL,2084521,2900653
711,113171,82106194.44,NULL,2086520,2903654
712,113228,82220140.33,NULL,2088346,2906593
713,113324,82263907.6,NULL,2089802,2909080
714,113392,82319953.69,NULL,2091631,2912312
715,113462,82377347.04,NULL,2092993,2914997
716,113621,82482671.21,NULL,2095374,2918853
717,113678,82518393.99,NULL,2097516,2921986
718,113799,82566943.02,NULL,2100922,2926776
719,113892,82615460.03,NULL,2102751,2929806
720,114024,82658420.03,NULL,2104971,2933407
721,114196,82726896.89,NULL,2106912,2937232
722,114315,82807420.83,NULL,2109093,2941501
723,114452,82871815.81,NULL,2111293,2944927
724,114547,82930432.58,NULL,2113569,2948321
725,114656,83005365.4,NULL,2116331,2952412
726,114736,83055550.95,NULL,2118230,2955441
727,114804,83190646.95,NULL,2119961,2958473
728,115005,83307043.07,NULL,2121656,2961417
729,115110,83382691.99,NULL,2123026,2963661
730,115324,83561867.17,NULL,2125046,2966947
731,115516,83682676.71,NULL,2127560,2970817
732,115642,83738071.44,NULL,2129938,2974577
733,115836,83862964.76,NULL,2132529,2978376
734,115880,83909825.59,NULL,2134437,2981215
735,115974,83984955.86,NULL,2136185,2983996
736,116103,84028076.56,NULL,2137030,2985786
737,116229,84071953.74,NULL,2138105,2987618
738,116279,84134781.93,NULL,2139985,2990472
739,116347,84174305.18,NULL,2141209,2992482
740,116412,84199351.13,NULL,2142097,2993983
741,116479,84230005.21,NULL,2142987,2995501
742,116526,84267118.94,NULL,2143923,2997248
743,116638,84323144.73,NULL,2145473,2999777
744,116787,84375179.66,NULL,2146934,3001901
745,116872,84404566.2,NULL,2149028,3004950
746,116922,84457738.16,NULL,2150999,3007835
747,117019,84510888.79,NULL,2152551,3010418
748,117158,84578100.89,NULL,2154040,3013369
749,117236,84668075.99,NULL,2155624,3016036
750,117322,84726525.61,NULL,2156767,3017933
751,117435,84762512.58,NULL,2158366,3020374
752,117474,84805175.95,NULL,2160318,3023160
753,117487,84860289.29,NULL,2162191,3025875
754,117562,84929579.52,NULL,2163881,3028395
755,117611,84974730.36,NULL,2164577,3029557
756,117684,85037052.5,NULL,2166512,3032312
757,117771,85095154.86,NULL,2169411,3036639
758,117852,85122628.07,NULL,2171530,3039618
759,117954,85158993.56,NULL,2175118,3044397
760,118026,85196017.02,NULL,2179009,3049169
761,118104,85232358.53,NULL,2181692,3052655
762,118208,85265038.68,NULL,2184610,3056347
763,118355,85290536.78,NULL,2186619,3059196
764,118404,85314735.79,NULL,2188495,3061749
765,118503,85347396.61,NULL,2191811,3065840
766,118525,85381367.43,NULL,2195106,3069790
767,118561,85414978.92,NULL,2198418,3073712
768,118680,85467270.68,NULL,2201487,3077607
769,118749,85517355.21,NULL,2204978,3081842
770,118828,85574309.3,NULL,2207698,3085477
771,118947,85649006.75,NULL,2209951,3088603
772,119081,85683121.7,NULL,2211940,3091495
773,119145,85723105.96,NULL,2214526,3094965
774,119173,85759846.52,NULL,2216969,3098674
775,119254,85789402.64,NULL,2219263,3101951
776,119349,85823907.76,NULL,2220567,3104078
777,119443,85860876.82,NULL,2222366,3106902
778,119564,85901665.56,NULL,2224199,3109761
779,119692,85943145.81,NULL,2226247,3112553
780,119869,85964862.35,NULL,2227759,3114694
781,119924,85988844.87,NULL,2229339,3117052
782,120028,86094305.18,NULL,2230950,3119477
783,120126,86137339.21,NULL,2232381,3122062
784,120202,86175209.56,NULL,2234244,3124846
785,120399,86209777.38,NULL,2236118,3127450
786,120461,86254924.67,NULL,2237932,3130150
787,120540,86277666.4,NULL,2240675,3133831
788,120612,86299097.43,NULL,2243513,3137605
789,120685,86330382.42,NULL,2245180,3140021
790,120898,86356663.13,NULL,2251224,3147012
791,120996,86382167.98,NULL,2255162,3151665
792,121091,86424060.62,NULL,2258292,3155695
793,121144,86464423.82,NULL,2261445,3159723
794,121297,86506504.69,NULL,2265948,3165183
795,121351,86541558.14,NULL,2268762,3168791
796,121591,86591551.23,NULL,2270543,3171253
797,121635,86619236.98,NULL,2274131,3175458
798,121745,86684042.89,NULL,2277252,3179290
799,121873,86728580.83,NULL,2280002,3182725
800,121955,86758989.39,NULL,2283129,3186500
801,122045,86805505.19,NULL,2287643,3192170
802,122137,86853038.56,NULL,2291937,3197392
803,122181,86895703,NULL,2295646,3201823
804,122230,86933901.16,NULL,2298130,3204961
805,122312,87021664.02,NULL,2300379,3207931
806,122367,87057663.42,NULL,2301934,3210063
807,122419,87086739.3,NULL,2302868,3211571
808,122445,87111752.79,NULL,2303834,3213080
809,122541,87156555.41,NULL,2304799,3214529
810,122567,87232795.95,NULL,2305610,3215922
811,122751,87263941.11,NULL,2306259,3217099
812,122845,87295754.58,NULL,2306998,3218364
813,122943,87334637.4,NULL,2307693,3219674
814,123019,87399523.96,NULL,2308382,3220964
815,123098,87435812.29,NULL,2310605,3223841
816,123134,87464018.69,NULL,2312301,3226395
817,123252,87503497.9,NULL,2313108,3227651
818,123308,87534113.82,NULL,2313632,3228735
819,123312,87563680.09,NULL,2314295,3229879
820,123368,87638947.88,NULL,2314920,3231005
821,123452,87661314.25,NULL,2315372,3231890
822,123499,87693130.45,NULL,2316976,3234236
823,123559,87724371.18,NULL,2318489,3236337
824,123609,87756593.77,NULL,2319335,3237839
825,123618,87793933.8,NULL,2320049,3239072
826,123645,87825393.95,NULL,2320588,3240155
827,123663,87858309.67,NULL,2321216,3241293
828,123671,87879916.64,NULL,2321737,3242298
829,123725,87899409.63,NULL,2323193,3244347
830,123838,87973530.04,NULL,2325117,3246910
831,123960,88004401.15,NULL,2326709,3249054
832,124032,88043827.38,NULL,2329869,3252856
833,124109,88081596.45,NULL,2332937,3256471
834,124206,88111642.55,NULL,2336375,3260549
835,124270,88143236.85,NULL,2339026,3263872
836,124303,88162416.2,NULL,2341840,3267328
837,124342,88216445.7,NULL,2343578,3270146
838,124372,88259599.21,NULL,2345894,3273271
839,124460,88300189.82,NULL,2348200,3276520
840,124572,88396925.42,NULL,2352928,3281991
841,124650,88445744.06,NULL,2356362,3286064
842,124794,88473882.2,NULL,2360683,3291170
843,124861,88504065.12,NULL,2362984,3294418
844,125009,88579608.68,NULL,2365467,3297588
845,125101,88691241.83,NULL,2368405,3301044
846,125170,88934695.54,NULL,2372388,3305700
847,125339,89112276.62,NULL,2374928,3309175
848,125530,89263591.96,NULL,2378755,3313825
849,125697,89390214.14,NULL,2382076,3317987
850,125836,89512645.44,NULL,2385084,3321923
851,126036,89785568.53,NULL,2392711,3330484
852,126135,89865192.93,NULL,2394894,3333637
853,126246,89951938.83,NULL,2397005,3336877
854,126337,90018251.23,NULL,2398548,3339135
855,126449,90091082.21,NULL,2400112,3341422
856,126576,90173269.78,NULL,2401876,3344100
857,126707,90262680.49,NULL,2404764,3348091
858,126901,90357420.33,NULL,2407385,3351695
859,126955,90431726.57,NULL,2410163,3355531
860,127098,90498488.37,NULL,2412253,3358476
861,127169,90578922.67,NULL,2414241,3361337
862,127198,90644225.67,NULL,2416108,3364137
863,127345,90694364.16,NULL,2418669,3367562
864,127455,90760575.75,NULL,2421779,3371567
865,127579,90846592.5,NULL,2424093,3374721
866,127801,90903596.89,NULL,2426156,3377582
867,127975,90954006.31,NULL,2428583,3380794
868,128049,91015947.27,NULL,2432851,3385902
869,128223,91085423.05,NULL,2437842,3391511
870,128349,91126610.01,NULL,2441733,3396010
871,128576,91164657.14,NULL,2445941,3401185
872,128705,91227114.37,NULL,2450156,3406221
873,129109,91304529.51,NULL,2452900,3409763
874,129537,91352810.73,NULL,2455871,3413515
875,129893,91394569.67,NULL,2458670,3417360
876,130044,91434468.35,NULL,2460634,3419989
877,130275,91460161.87,NULL,2463072,3422990
878,130388,91482412.82,NULL,2465584,3426189
879,130475,91534742.52,NULL,2467548,3428873
880,130614,91582593.73,NULL,2470023,3432019
881,130818,91629341.91,NULL,2472297,3434956
882,131098,91672526.17,NULL,2474552,3437924
883,131283,91714865.08,NULL,2476560,3440632
884,131791,91853668.68,NULL,2477964,3453740
885,131986,91955177.69,NULL,2481972,3471651
886,132140,92052991.89,NULL,2485700,3491437
887,132303,92134205.79,NULL,2488506,3501783
888,132459,92197004.9,NULL,2492065,3514069
889,132625,92290375.55,NULL,2494816,3525915
890,132766,92368172.36,NULL,2496649,3536256
891,132865,92470373.26,NULL,2499290,3555083
892,132996,92555969.57,NULL,2502517,3568514
893,133074,92643598.33,NULL,2505543,3585321
894,133286,92713418.31,NULL,2508090,3598669
895,133478,92800189.68,NULL,2509630,3607049
896,133612,92876034.12,NULL,2511446,3614574
897,133804,93033435.43,NULL,2515951,3624789
898,133874,93094353.21,NULL,2517510,3633025
899,133929,93157285.07,NULL,2519980,3642599
900,134063,93231743.33,NULL,2522839,3653643
901,134138,93344972.29,NULL,2524776,3663002
902,134235,93433993.43,NULL,2527360,3670877
903,134338,93514927.43,NULL,2530574,3679119
904,134489,93587709.63,NULL,2534810,3687275
905,134607,93637718.67,NULL,2537176,3693222
906,134737,93697101.97,NULL,2540513,3699788
907,134845,93749392.24,NULL,2542925,3705778
908,134944,93818984.8,NULL,2544796,3710856
909,135025,93880435.71,NULL,2547045,3714744
910,135206,94094106.11,NULL,2551121,3721285
911,135392,94202083.79,NULL,2555203,3727461
912,135456,94303761.25,NULL,2557333,3732326
913,135593,94388177.42,NULL,2559542,3739265
914,135714,94455472.67,NULL,2562719,3747796
915,135788,94526806.61,NULL,2564994,3752310
916,135904,94595556.85,NULL,2567734,3757292
917,135962,94660332.27,NULL,2570905,3762801
918,136025,94771822.13,NULL,2574228,3768274
919,136093,94852947.5,NULL,2577661,3775834
920,136261,94914717.45,NULL,2579789,3783121
921,136387,94995249.6,NULL,2581867,3790228
922,136545,95052484.78,NULL,2583394,3795608
923,136648,95106349.97,NULL,2585138,3801416
924,136735,95168614.94,NULL,2588902,3809050
925,136845,95240561.87,NULL,2591199,3817890
926,136962,95327247.62,NULL,2593803,3826343
927,137071,95467863.32,NULL,2595982,3838413
928,137196,95539808.86,NULL,2598408,3848129
929,137416,95652713.25,NULL,2600260,3854002
930,137590,95756595.83,NULL,2602209,3861968
931,137651,95837090.32,NULL,2603722,3867962
932,137749,95890791.66,NULL,2605674,3874810
933,137749,95891369.36,NULL,2605717,3874962
934,137846,95954944.09,NULL,2607028,3880917
935,137961,96032642.78,NULL,2609335,3888263
936,138042,96091486.72,NULL,2611347,3896975
937,138123,96164306.15,NULL,2613339,3904644
938,138242,96245982.58,NULL,2617973,3913649
939,138353,96308209.28,NULL,2620331,3920586
940,138431,96369155.55,NULL,2622861,3925301
941,138521,96441879.29,NULL,2625677,3930397
942,138628,96523234.54,NULL,2629751,3938104
943,138707,96579473.99,NULL,2634113,3946660
944,138831,96647020.16,NULL,2642837,3959724
945,138943,96742945.04,NULL,2648222,3968995
946,139030,96834744.12,NULL,2653470,3977193
947,139268,97006970.83,NULL,2658524,3986728
948,139386,97085015.49,NULL,2662267,4003485
949,139478,97141476.66,NULL,2666037,4014333
950,139559,97214099.21,NULL,2670056,4026567
951,139635,97279734.79,NULL,2673351,4036161
952,139735,97366376.42,NULL,2676469,4043998
953,139909,97443663.72,NULL,2679073,4050060
954,139970,97495305.48,NULL,2681665,4055053
955,140040,97576741.19,NULL,2683905,4060812
956,140123,97647313.98,NULL,2686911,4068375
957,140166,97724719.62,NULL,2691774,4075451
958,140241,97815977.63,NULL,2694438,4079931
959,140337,97900890.4,NULL,2695900,4082715
960,140405,98034738.64,NULL,2697531,4085932
961,140544,98149284.78,NULL,2698860,4088732
962,140646,98374690.27,NULL,2700022,4091945
963,140746,98463231.84,NULL,2702966,4101196
964,140793,98655746.25,NULL,2705528,4115564
965,140944,98802721.29,NULL,2707467,4121288
966,141674,99280390.49,NULL,2716094,4132773
967,142155,99499714.49,NULL,2718616,4137886
968,142654,99659251.81,NULL,2721736,4143665
969,142922,99774127.58,NULL,2724458,4148198
970,143163,99886748.92,NULL,2727903,4153139
971,143473,100027441.38,NULL,2730676,4157307
972,143816,100204717.87,NULL,2733506,4162890
973,144496,100402936.66,NULL,2736485,4167704
974,145064,100523414.64,NULL,2739448,4172490
975,145714,100636840.48,NULL,2742966,4178000
976,146035,100823432.65,NULL,2746581,4184204
977,146472,100943455.58,NULL,2750154,4190843
978,146713,101054386.13,NULL,2753311,4197797
979,146927,101201499.82,NULL,2755562,4204685
980,147104,101321359.35,NULL,2758209,4210112
981,147327,101423125.77,NULL,2760497,4215506
982,147621,101522854.47,NULL,2762852,4222033
983,148480,101640226.06,NULL,2767376,4229324
984,148704,101711718.79,NULL,2770448,4238955
985,148898,101836469.54,NULL,2773211,4247191
986,149122,101983012.33,NULL,2775469,4259022
987,149363,102111382.86,NULL,2778592,4264209
988,149695,102201036.66,NULL,2780553,4269270
989,149948,102270418.01,NULL,2782323,4273949
990,150053,102347804.43,NULL,2784418,4279097
991,150190,102418021.94,NULL,2787772,4286446
992,150234,102502296.76,NULL,2789802,4290556
993,150357,102566314.58,NULL,2791528,4294183
994,150552,102633374.52,NULL,2793800,4300131
995,150613,102718412.14,NULL,2795796,4307344
996,150689,102762744.01,NULL,2796592,4312418
997,150776,102811545.34,NULL,2797682,4314612
998,150917,102847974,NULL,2800244,4319882
999,151031,102890367.33,NULL,2802004,4325906
1000,151073,102928670.57,NULL,2802881,4331753
1001,151141,102966786.54,NULL,2804709,4338899
1002,151232,103031619.7,NULL,2808016,4348483
1003,151319,103123147.97,NULL,2810494,4355442
1004,151444,103174630.88,NULL,2813025,4361037
1005,151543,103228067.59,NULL,2816275,4367742
1006,151711,103298277.75,NULL,2820314,4373510
1007,151868,103354537.15,NULL,2823365,4378646
1008,152060,103399580.37,NULL,2825766,4382734
1009,152242,103467893.28,NULL,2827653,4386438
1010,152369,103538151.06,NULL,2830191,4392284
1011,152581,103589441.62,NULL,2832402,4397537
1012,152671,103662273.45,NULL,2835716,4406163
1013,152720,103713954.87,NULL,2838999,4412086
1014,152984,103781569.33,NULL,2841483,4417367
1015,153299,104261673.44,NULL,2855889,4434242
1016,153514,104346984.75,NULL,2858457,4441451
1017,153659,104401895.42,NULL,2860739,4445519
1018,153857,104461183.91,NULL,2863367,4452561
1019,154003,104537932,NULL,2865801,4463510
1020,154234,104593335.51,NULL,2868164,4469893
1021,154331,104636001.99,NULL,2869862,4476530
1022,154384,104684823.02,NULL,2871376,4481312
1023,154539,104782458.41,NULL,2873105,4485102
1024,154606,104837063.9,NULL,2875378,4489365
1025,154781,104987803.48,NULL,2878172,4494115
1026,154934,105039942.26,NULL,2881655,4501883
1027,155096,105086808.12,NULL,2885415,4508964
1028,155229,105132837.4,NULL,2888307,4514309
1029,155387,105195376.72,NULL,2891254,4523753
1030,155527,105249201.95,NULL,2893854,4529002
1031,155685,105335745.17,NULL,2895724,4532630
1032,155919,105396648.08,NULL,2898050,4537049
1033,156058,105519459.27,NULL,2900925,4542129
1034,156187,105583058.93,NULL,2903331,4547240
1035,156217,105635520.45,NULL,2905253,4550766
1036,156461,105756029.83,NULL,2908163,4555135
1037,156547,105850399.45,NULL,2910172,4558999
1038,156673,105985561.96,NULL,2912406,4563132
1039,156873,106059948.54,NULL,2914254,4566715
1040,156975,106169039.45,NULL,2916471,4571262
1041,157022,106274618.64,NULL,2919071,4576157
1042,157196,106354282.61,NULL,2921348,4580651
1043,157250,106412778.02,NULL,2923508,4585217
1044,157333,106479600.92,NULL,2925097,4588065
1045,157412,106579278.38,NULL,2926369,4590370
1046,157526,106685852.38,NULL,2928410,4594541
1047,157703,106817680.26,NULL,2930473,4598501
1048,157811,106907244.77,NULL,2932175,4603559
1049,157911,106964996.38,NULL,2934088,4606778
1050,158341,107048095.91,NULL,2936072,4609688
1051,158583,107111644.46,NULL,2937694,4612167
1052,158726,107174945.95,NULL,2938978,4614092
1053,158819,107265725.87,NULL,2940842,4616695
1054,158941,107335723.9,NULL,2943078,4619888
1055,159056,107389715.11,NULL,2944841,4622491
1056,159221,107435202.34,NULL,2946725,4625121
1057,159416,107473701.39,NULL,2948451,4627608
1058,159504,107538341.66,NULL,2950141,4629918
1059,159619,107625262.67,NULL,2951624,4632063
1060,159804,107693753.01,NULL,2953270,4634690
1061,160007,107783990.88,NULL,2955819,4638104
1062,160236,107853413,NULL,2958352,4641655
1063,160538,107933788.84,NULL,2960088,4644076
1064,160713,107996332.72,NULL,2961687,4646403
1065,160844,108100956.47,NULL,2963272,4648887
1066,161006,108220943.74,NULL,2964950,4651316
1067,161221,108341735.45,NULL,2966552,4653793
1068,161406,108440671.23,NULL,2969535,4658481
1069,161668,108705485.16,NULL,2972957,4662990
1070,161749,108811223.31,NULL,2975676,4666309
1071,161824,108918630.25,NULL,2977915,4669308
1072,161980,109019621.68,NULL,2980096,4672119
1073,162044,109106883.74,NULL,2982080,4674859
1074,162201,109191924.4,NULL,2983974,4677455
1075,162352,109263124.91,NULL,2985754,4679844
1076,162554,109348366.08,NULL,2986795,4681713
1077,162634,109447884.01,NULL,2987947,4683466
1078,162718,109532456.66,NULL,2988819,4684880
1079,162786,109630159.68,NULL,2989814,4686458
1080,162879,109772242.47,NULL,2992250,4689751
1081,163046,109871317.17,NULL,2993724,4692032
1082,163154,109962726.53,NULL,2995835,4694998
1083,163304,110033715.8,NULL,2997371,4697155
1084,163393,110093149.09,NULL,2998744,4699128
1085,163459,110175016.88,NULL,2999907,4700903
1086,163813,110269684.64,NULL,3001010,4702675
1087,163908,110396239.16,NULL,3003514,4705887
1088,164074,110468210.8,NULL,3005181,4708126
1089,164186,110585304.63,NULL,3006782,4710453
1090,164312,110668778.34,NULL,3008759,4713507
1091,164410,110783255.81,NULL,3010325,4715752
1092,164504,110891191.91,NULL,3012410,4718398
1093,164591,110960167.86,NULL,3013474,4719992
1094,164811,111098880.21,NULL,3014824,4721815
1095,164950,111212692.47,NULL,3015858,4723415
1096,164983,111263686.04,NULL,3017613,4726022
1097,165137,111332005.58,NULL,3019952,4729109
1098,165142,111402187.65,NULL,3021168,4730823
1099,165372,111525670.37,NULL,3024032,4734189
1100,165473,111600563.44,NULL,3025168,4735879
1101,165575,111682109.63,NULL,3027899,4739453
1102,165734,111741972.91,NULL,3029398,4741436
1103,165756,111785786.85,NULL,3030982,4743538
1104,165978,111859704.14,NULL,3032091,4745164
1105,166144,111936962.21,NULL,3033015,4746617
1106,166232,112075456.33,NULL,3035569,4749695
1107,166277,112207569.97,NULL,3036733,4751570
1108,166419,112316171.54,NULL,3038508,4753951
1109,166538,112386584.57,NULL,3039791,4755926
1110,166648,112469613.51,NULL,3042264,4759183
1111,166816,112536519.64,NULL,3044060,4761685
1112,167061,112613179.58,NULL,3045435,4763754
1113,167245,112678495.72,NULL,3046747,4765804
1114,167301,112775681.14,NULL,3048070,4768180
1115,167520,112877718.96,NULL,3049836,4771068
1116,167595,112971991.93,NULL,3051763,4773972
1117,167765,113138747.84,NULL,3054783,4778057
1118,167827,113282398.28,NULL,3056809,4781171
1119,167918,113387632.59,NULL,3057889,4782825
1120,168229,113497536.35,NULL,3058987,4784592
1121,168313,113588499.78,NULL,3060100,4786370
1122,168404,113672350.94,NULL,3061486,4788467
1123,168482,113752956.32,NULL,3062542,4790082
1124,168647,113821726.56,NULL,3064012,4792211
1125,168656,113938449.67,NULL,3064985,4793672
1126,168745,114044159.13,NULL,3065905,4795026
1127,168868,114148791.83,NULL,3066942,4796614
1128,168962,114288500.6,NULL,3067898,4798108
1129,168972,114406090.57,NULL,3068788,4799519
1130,169051,114531066.03,NULL,3069941,4801155
1131,169136,114682653.71,NULL,3071075,4802829
1132,169232,114798032.64,NULL,3072047,4804240
1133,169313,114914977.35,NULL,3072678,4805299
1134,169423,115024683.94,NULL,3073360,4806458
1135,169497,115192023.97,NULL,3074132,4807609
1136,169540,115344596.02,NULL,3075047,4809025
1137,169756,115428067.37,NULL,3075805,4810158
1138,170079,115519987.33,NULL,3076636,4811384
1139,170261,115705156.68,NULL,3077520,4812712
1140,170426,115842963.55,NULL,3078322,4813852
1141,170517,116279863.56,NULL,3083119,4819144
1142,170613,116419793.02,NULL,3084533,4821162
1143,170684,116540695.75,NULL,3085496,4822757
1144,170781,116666549.46,NULL,3086270,4824325
1145,170805,116810008.72,NULL,3087210,4826087
1146,170861,116958965.87,NULL,3087994,4827400
1147,170950,117046450.93,NULL,3088489,4828277
1148,171145,117146757.2,NULL,3088963,4829111
1149,171258,117227822.58,NULL,3089205,4829472
1150,171419,117356145.03,NULL,3089842,4830487
1151,171571,117516204.01,NULL,3090293,4831460
1152,171609,117674933.03,NULL,3090909,4832449
1153,171731,117817667.85,NULL,3091501,4833669
1154,171788,117906823.51,NULL,3091995,4834585
1155,171831,118077596.39,NULL,3092641,4835631
1156,171897,118184704.52,NULL,3093256,4836632
1157,172057,118309592.76,NULL,3094071,4837899
1158,172157,118430363.66,NULL,3094627,4838823
1159,172260,118564231.95,NULL,3095228,4839856
1160,172411,118757708.91,NULL,3095995,4841179
1161,172514,118878641.48,NULL,3096577,4842168
1162,172705,118999325.81,NULL,3097322,4843432
1163,172826,119132610.18,NULL,3098102,4844606
1164,172925,119284361.62,NULL,3098905,4845921
1165,172973,119539338.57,NULL,3099785,4847375
1166,173038,119692053.07,NULL,3102351,4850479
1167,173084,119839522.5,NULL,3104689,4853171
1168,173177,120000285.23,NULL,3105699,4854473
1169,173194,120063072.47,NULL,3105926,4854763
1170,173461,120133376.3,NULL,3106338,4855331
1171,173654,120275193.47,NULL,3107322,4856654
1172,173749,120418152.47,NULL,3108277,4858062
1173,173918,120502453.46,NULL,3109166,4859287
1174,174089,120673369.74,NULL,3110135,4860864
1175,174234,120828804.02,NULL,3111238,4862522
1176,174413,120943344.16,NULL,3112213,4863994
1177,174515,121084105.45,NULL,3113140,4865475
1178,174563,121220290,NULL,3113884,4866699
1179,174900,121435871.91,NULL,3114703,4868083
1180,175165,121625707.1,NULL,3115573,4869461
1181,175395,121884008.27,NULL,3116575,4871049
1182,175658,122140196.3,NULL,3117313,4872313
1183,175767,122619190.37,NULL,3119480,4875270
1184,176012,122814776.16,NULL,3121392,4877917
1185,176154,122994267.83,NULL,3122767,4879544
1186,176594,123401588.98,NULL,3125048,4882740
1187,177160,123700103.37,NULL,3125962,4884578
1188,177483,124129920.01,NULL,3127103,4886901
1189,177904,124345022.37,NULL,3127953,4888632
1190,178322,124912333.39,NULL,3129829,4892540
1191,178679,125394212.13,NULL,3131426,4897540
1192,178940,126094516.21,NULL,3132959,4900957
1193,179192,126885618.25,NULL,3134232,4905059
1194,179458,127550445.81,NULL,3135511,4907912
1195,179716,128196830.2,NULL,3136934,4911178
1196,180118,129243556.63,NULL,3138235,4914137
1197,180354,129817527.97,NULL,3139293,4916569
1198,180685,130227151.67,NULL,3140536,4919111
1199,181036,130617862.83,NULL,3141790,4921458
1200,181245,130958681.92,NULL,3142984,4923914
1201,181471,131408938.63,NULL,3144965,4927176
1202,181784,131810241.93,NULL,3146385,4929883
1203,182020,132187882.46,NULL,3148173,4932792
1204,182173,132562298.19,NULL,3149882,4936003
1205,182453,132957403.66,NULL,3151347,4938836
1206,182532,133365254.5,NULL,3152829,4941376
1207,182759,133788198.2,NULL,3154446,4944185
1208,183188,134156506.65,NULL,3155874,4946666
1209,183556,134476320.22,NULL,3157701,4949696
1210,183751,134784590.65,NULL,3159325,4952369
1211,184103,135055793.41,NULL,3160875,4954835
1212,184238,135385040.06,NULL,3162512,4957651
1213,184497,135872254.59,NULL,3163989,4960310
1214,184680,136158231.83,NULL,3165639,4962781
1215,184890,136618638.3,NULL,3167491,4966013
1216,185088,136955123.68,NULL,3169459,4969184
1217,185231,137385896.94,NULL,3171277,4971979
1218,185522,137607466.79,NULL,3172627,4974220
1219,185774,137905540.32,NULL,3173868,4976274
1220,186017,138415959.22,NULL,3175150,4978365
1221,186303,138673365.38,NULL,3176530,4981070
1222,186506,139099678.27,NULL,3179493,4985944
1223,186771,139460777.25,NULL,3183546,4991541
1224,187064,139772354.66,NULL,3185926,4995283
1225,187292,139981372.99,NULL,3188692,4999455
1226,187551,140253938.72,NULL,3190734,5002610
1227,187828,140506466.43,NULL,3192807,5005985
1228,188012,140751430.81,NULL,3195106,5009519
1229,188153,141045163.05,NULL,3198386,5014233
1230,188389,141395851.89,NULL,3200568,5017482
1231,188540,141620797.35,NULL,3202053,5019895
1232,188728,141955931.28,NULL,3203609,5022438
1233,188917,142230074.89,NULL,3205278,5025093
1234,189268,142431669.46,NULL,3206927,5027606
1235,189537,142897447.02,NULL,3208285,5029857
1236,189958,143202630.42,NULL,3209992,5032462
1237,191025,143522436.57,NULL,3212362,5036091
1238,191201,143765799.03,NULL,3214225,5038871
1239,191604,144117437.32,NULL,3216127,5041937
1240,191928,144507895.93,NULL,3217968,5045017
1241,192215,145515837.53,NULL,3233284,5061972
1242,192442,145968590,NULL,3234796,5065338
1243,192807,146417778.33,NULL,3237141,5069488
1244,193145,146788827.7,NULL,3239103,5073308
1245,193356,147121779.02,NULL,3240874,5076412
1246,193663,147401679.65,NULL,3242065,5078809
1247,194135,147714020.14,NULL,3243239,5081368
1248,194323,148082851.4,NULL,3244863,5084411
1249,194491,148355151.49,NULL,3246121,5086781
1250,194647,149007321.34,NULL,3247536,5089239
1251,194906,149360195.73,NULL,3248978,5091777
1252,195392,149668800.12,NULL,3249961,5093635
1253,195743,149876170.31,NULL,3250856,5095288
1254,196187,150090416.62,NULL,3252220,5097441
1255,196330,150308019.54,NULL,3253423,5099364
1256,196502,150653418.21,NULL,3256797,5103891
1257,196889,151001544.27,NULL,3259916,5108081
1258,197074,151457389.74,NULL,3262451,5111637
1259,197331,151720652.32,NULL,3263558,5113410
1260,197677,151886721.2,NULL,3264928,5115568
1261,197767,152371500.31,NULL,3266928,5118445
1262,197995,152598266.36,NULL,3268752,5120962
1263,198213,153065773.49,NULL,3270844,5123914
1264,198461,153406949.46,NULL,3273360,5127351
1265,198687,153791624.14,NULL,3275895,5131008
1266,199230,154031541.72,NULL,3277706,5133761
1267,199505,154338535.9,NULL,3279227,5136192
1268,199794,154529766.09,NULL,3280709,5138393
1269,200169,154746078,NULL,3282574,5141039
1270,200347,155442427.38,NULL,3289722,5149216
1271,200649,155731246.21,NULL,3292326,5153034
1272,200730,156125667.2,NULL,3294360,5156149
1273,201082,156383748.56,NULL,3296085,5158669
1274,201402,156573880.81,NULL,3297405,5160821
1275,201724,156802829.63,NULL,3298644,5162688
1276,201867,157054360.36,NULL,3299453,5163940
1277,202165,157345043.27,NULL,3301119,5166344
1278,202628,157663398.86,NULL,3303076,5168986
1279,202978,158203922.43,NULL,3305162,5172040
1280,203258,158553045.45,NULL,3306784,5174244
1281,203506,159102090.69,NULL,3308611,5177015
1282,203842,159382745.27,NULL,3310071,5179069
1283,204055,159747426.13,NULL,3311725,5181495
1284,204281,160113297.33,NULL,3312895,5183403
1285,204557,160467270,NULL,3314483,5185664
1286,204842,160857129.76,NULL,3316053,5187905
1287,205112,161097429.84,NULL,3317099,5189608
1288,205330,161334113.93,NULL,3318264,5191470
1289,205449,161690462.55,NULL,3319215,5193041
1290,205513,161947774.55,NULL,3320409,5194742
1291,205677,162400359.74,NULL,3323215,5198261
1292,205770,162665766.54,NULL,3324706,5200384
1293,206023,162992791.8,NULL,3325460,5201594
1294,206138,163360209.75,NULL,3326338,5202998
1295,206339,163975849.56,NULL,3327218,5204477
1296,206770,164950126.8,NULL,3328270,5206090
1297,206812,165433382.15,NULL,3329058,5207407
1298,207022,166002047.72,NULL,3330372,5209537
1299,207347,166531906.62,NULL,3331640,5211479
1300,207725,167373715.35,NULL,3332715,5213293
1301,207999,167650322.54,NULL,3333435,5214563
1302,208236,167961010.91,NULL,3334439,5216224
1303,208426,168513784.79,NULL,3336087,5218614
1304,208658,168978072.29,NULL,3338193,5221345
1305,208739,169423719.09,NULL,3339993,5223806
1306,208888,170076354.04,NULL,3342830,5227163
1307,209036,170584953.14,NULL,3344086,5229154
1308,209288,171286103.1,NULL,3345188,5231164
1309,209459,171806263.83,NULL,3346106,5232791
1310,209803,172412900.49,NULL,3347374,5234962
1311,210100,172997610.6,NULL,3348792,5237175
1312,210377,173618322.85,NULL,3349927,5239440
1313,210650,175120115.69,NULL,3351281,5241645
1314,210836,176226081.1,NULL,3352744,5244015
1315,211108,176974439.72,NULL,3353831,5245841
1316,212078,177792577.62,NULL,3355714,5248884
1317,213066,178934724.74,NULL,3357035,5251124
1318,213986,179595151.34,NULL,3357810,5252484
1319,214351,180828583.62,NULL,3359794,5255412
1320,214647,183952803.6,NULL,3365071,5261692
1321,214840,190711470.89,NULL,3372256,5270011
1322,215050,198630910.69,NULL,3376498,5275607
1323,215550,205513430.13,NULL,3378034,5279316
1324,215905,208929918.85,NULL,3378911,5281683
1325,216077,212659317.54,NULL,3379853,5283607
1326,216236,214850029.17,NULL,3380502,5285149
1327,216431,217291742.99,NULL,3382370,5288080
1328,217018,219792673.58,NULL,3383890,5290548
1329,217342,223696249.62,NULL,3384753,5292182
1330,217625,226437550.18,NULL,3385355,5293665
1331,218106,228171702.98,NULL,3385874,5294738
1332,218599,231788191.54,NULL,3387875,5298324
1333,219372,233765993.3,NULL,3389854,5301298
1334,219841,237897741.09,NULL,3391715,5304435
1335,220595,245666344.47,NULL,3393737,5308303
1336,221042,251908398.18,NULL,3395347,5311745
1337,221368,260373014.22,NULL,3398009,5316441
1338,222048,270349809.21,NULL,3400201,5320520
1339,222726,280410340.74,NULL,3402096,5324073
1340,223114,292134354.61,NULL,3404114,5327487
1341,224002,300461468.52,NULL,3405847,5330756
1342,224957,316953893.99,NULL,3409618,5336705
1343,225978,332589970.32,NULL,3411365,5340354
1344,227668,339038236.45,NULL,3412679,5342808
1345,228900,346970156.93,NULL,3414841,5348129
1346,230136,352672357.97,NULL,3417903,5353683
1347,231931,359144731.63,NULL,3420385,5362001
1348,233261,368032800,NULL,3425065,5373456
1349,234562,375020237.77,NULL,3428240,5379877
1350,235729,384836854.01,NULL,3438859,5393192
1351,237434,395832285.12,NULL,3444070,5402443
1352,239199,405311572.85,NULL,3447003,5409114
1353,240373,412478336.56,NULL,3450323,5415664
1354,241400,420293565.44,NULL,3454911,5423478
1355,242972,425696068.86,NULL,3458852,5430345
1356,243909,432470222.92,NULL,3466020,5439852
1357,245401,442431723.57,NULL,3472002,5449029
1358,247757,453394434.14,NULL,3477126,5457248
1359,249702,462642979.28,NULL,3485695,5468935
1360,251392,491713984.61,NULL,3490418,5476726
1361,253112,507949005.24,NULL,3494828,5483946
1362,254767,523662259.47,NULL,3502859,5495034
1363,256015,538370944.8,NULL,3507929,5503922
1364,258059,548936721.7,NULL,3511941,5511278
1365,259566,559179661.91,NULL,3517612,5520217
1366,260946,571089944.58,NULL,3524309,5529997
1367,262015,581727465.38,NULL,3530288,5539337
1368,263942,589608015.43,NULL,3537639,5549739
1369,264994,599850691.46,NULL,3543401,5558571
1370,266013,613182285.25,NULL,3553357,5572138
1371,266937,621416194.69,NULL,3557310,5579541
1372,268098,628142796.18,NULL,3561573,5586440
1373,269005,635269105.74,NULL,3564615,5591806
1374,269767,640006305.63,NULL,3567408,5596572
1375,270560,645726251.39,NULL,3572750,5604350
1376,271341,652077443.73,NULL,3577757,5611626
1377,271722,658373245.68,NULL,3582040,5618183
1378,272389,665436991.97,NULL,3585494,5624139
1379,273133,673347430.07,NULL,3588595,5629303
1380,274113,680020360.85,NULL,3591483,5633849
1381,274886,686493215.18,NULL,3594151,5638188
1382,276346,691883377.41,NULL,3596987,5641877
1383,277224,697335832.98,NULL,3599831,5646234
1384,278050,701952775.03,NULL,3603366,5652220
1385,279009,708249538.35,NULL,3606730,5657214
1386,280121,712967248.74,NULL,3609659,5661882
1387,280706,717420817.09,NULL,3615869,5669787
1388,281693,729847301.47,NULL,3620065,5675818
1389,282622,741021252.85,NULL,3623984,5681613
1390,283667,748311990.44,NULL,3628679,5688233
1391,284464,773267888.41,NULL,3633557,5695229
1392,285203,780778848.16,NULL,3637168,5700601
1393,285919,789482376.47,NULL,3640622,5706042
1394,286304,803726484.64,NULL,3646431,5713295
1395,286709,814206813.7,NULL,3650076,5718337
1396,287257,826317003.89,NULL,3653512,5723564
1397,287651,832949812.8,NULL,3656971,5728540
1398,288695,838886272.79,NULL,3660189,5733201
1399,289524,845305015.12,NULL,3662842,5736943
1400,290113,850577357.43,NULL,3664806,5739440
1401,290990,856526269.96,NULL,3667403,5743423
1402,292090,862145380.39,NULL,3670878,5748170
1403,293139,867902157.91,NULL,3674783,5753891
1404,294322,872630817.7,NULL,3678697,5759079
1405,295914,875930337.69,NULL,3682780,5764702
1406,297407,880835511.7,NULL,3687217,5770546
1407,298945,890628540.48,NULL,3693017,5777814
1408,300324,896413542.49,NULL,3697808,5783782
1409,300937,900890810.18,NULL,3701867,5789080
1410,301657,907420843.36,NULL,3706637,5795758
1411,302534,917186286.6,NULL,3720033,5812397
1412,303554,927590860.67,NULL,3723041,5818457
1413,303928,1032258516.18,NULL,3734597,5833142
1414,304223,1064778309.31,NULL,3738491,5839823
1415,304504,1078908586.58,NULL,3741404,5844482
1416,304736,1089776074.19,NULL,3744495,5849191
1417,307256,1097584937.09,NULL,3747111,5853467
1418,308316,1108385115.1,NULL,3748825,5856035
1419,308708,1118385440.44,NULL,3750740,5859414
1420,309574,1125819813.43,NULL,3751545,5860775
1421,310643,1133463092.05,NULL,3752560,5862342
1422,311047,1157950269.48,NULL,3756156,5866545
1423,311353,1173132632.69,NULL,3758968,5870500
1424,311633,1185305491.09,NULL,3762752,5876122
1425,312205,1193452390.99,NULL,3765620,5880662
1426,312679,1200162567.61,NULL,3768605,5884798
1427,313042,1204026945.98,NULL,3770709,5887999
1428,313280,1209159041.68,NULL,3772874,5891598
1429,313683,1211705732.91,NULL,3774173,5893939
1430,315126,1214779409.12,NULL,3777441,5898676
1431,316203,1218481177.39,NULL,3780364,5903083
1432,317072,1224229823.76,NULL,3783659,5908602
1433,317512,1227300915.98,NULL,3785437,5911684
1434,318259,1231913163.95,NULL,3787544,5915651
1435,318851,1235544702.54,NULL,3789622,5919673
1436,319681,1239356095.94,NULL,3791738,5923795
1437,320422,1245602938.77,NULL,3795794,5930089
1438,321077,1250695017.71,NULL,3798784,5934586
1439,321603,1255260432.27,NULL,3801711,5938867
1440,322658,1259489048.58,NULL,3804321,5943281
1441,323456,1263494399.13,NULL,3807123,5947708
1442,323949,1269061265.05,NULL,3810309,5952914
1443,324481,1272370275.21,NULL,3812722,5956883
1444,325334,1275449444.18,NULL,3815267,5960872
1445,326240,1278414617.32,NULL,3818247,5965180
1446,327403,1281370096.32,NULL,3820994,5969668
1447,327895,1285426322,NULL,3823971,5974135
1448,328580,1291142538.64,NULL,3826847,5978729
1449,329200,1295634967.25,NULL,3830156,5983509
1450,330057,1298956199.51,NULL,3834488,5989188
1451,330924,1303176530.98,NULL,3839506,5995688
1452,331593,1312625468.3,NULL,3850043,6009116
1453,332687,1315308451.19,NULL,3852623,6013517
1454,333585,1317632190.58,NULL,3855450,6018090
1455,334614,1320990791.3,NULL,3860086,6024139
1456,335448,1328560181.22,NULL,3871093,6038080
1457,335832,1334047239.19,NULL,3875039,6045200
1458,336599,1339596893.06,NULL,3878667,6050958
1459,337482,1344548339.74,NULL,3892167,6068908
1460,338648,1351467657.5,NULL,3905613,6086561
1461,339507,1363923409.71,NULL,3920333,6108095
1462,340538,1376159782.47,NULL,3932623,6129507
1463,341646,1381580409.98,NULL,3934543,6135620
1464,342141,1387914195.02,NULL,3937780,6143142
1465,344170,1394718786.87,NULL,3944282,6153434
1466,345445,1404704788.77,NULL,3955697,6168808
1467,346265,1413911115.76,NULL,3962169,6180258
1468,346967,1422644723.48,NULL,3981398,6207255
1469,347345,1430640389.84,NULL,3987519,6219455
1470,348351,1437939891.82,NULL,3993513,6229459
1471,349140,1449259095.94,NULL,4032676,6273521
1472,349924,1455937658.79,NULL,4051476,6297648
1473,351201,1463120510.02,NULL,4057703,6309511
1474,352362,1467575419.8,NULL,4062004,6318308
1475,353229,1475466675.12,NULL,4065611,6327801
1476,353709,1481466650.06,NULL,4069971,6337518
1477,354320,1488576697.33,NULL,4074346,6346383
1478,355017,1498123090.73,NULL,4081595,6360279
1479,355576,1508090420.49,NULL,4096921,6381191
1480,356917,1517647431.62,NULL,4102521,6394962
1481,357934,1528692621.16,NULL,4110165,6408504
1482,359267,1538225739.07,NULL,4120377,6424206
1483,360304,1547756430.79,NULL,4127849,6436769
1484,361509,1559806294.58,NULL,4139741,6455580
1485,364534,1569112449.99,NULL,4146797,6469718
1486,366048,1584054305.11,NULL,4158049,6487970
1487,367048,1599387204.69,NULL,4170690,6507686
1488,367884,1617125638.14,NULL,4183356,6528953
1489,368537,1627420684.04,NULL,4193000,6545970
1490,369414,1638218693.09,NULL,4201071,6559724
1491,370686,1647959020.67,NULL,4215397,6581144
1492,371215,1656777233.02,NULL,4223236,6595693
1493,371752,1664474143.68,NULL,4228209,6604946
1494,372276,1673527592.59,NULL,4232491,6613790
1495,373037,1680917431.87,NULL,4235743,6620814
1496,374435,1690323841.7,NULL,4238821,6628224
1497,375499,1706124141.17,NULL,4244107,6637361
1498,378025,1716962170.35,NULL,4248050,6645900
1499,379888,1727024162.41,NULL,4251727,6653144
1500,383452,1741888899.92,NULL,4254248,6659005
1501,386640,1769650428.38,NULL,4257210,6665115
1502,390685,1843902413.56,NULL,4263967,6676859
1503,394641,1921899975.67,NULL,4269015,6690504
1504,398402,1949382780.08,NULL,4279127,6707198
1505,402280,1988934058.93,NULL,4284250,6726171
1506,406010,2066562182.94,NULL,4289370,6747502
1507,409277,2144339307.25,NULL,4294569,6774411
1508,412787,2249821176.51,NULL,4303871,6803813
1509,415190,2315695263.04,NULL,4336517,6857089
1510,419442,2401260801.31,NULL,4375232,6922325
1511,422486,2485369075.75,NULL,4428616,7004389
1512,425029,2558565011.46,NULL,4474662,7083612
1513,426912,2625010888.44,NULL,4501821,7139626
1514,429639,2683910763,NULL,4523002,7183775
1515,431931,2742610439.15,NULL,4558612,7246619
1516,434399,2807796187.45,NULL,4575199,7289197
1517,437508,2870264932.2,NULL,4615843,7351829
1518,440266,2921346167.62,NULL,4644645,7406295
1519,444892,2961589011.15,NULL,4658787,7436609
1520,449285,3005396654.5,NULL,4666594,7457379
1521,454665,3037913996.77,NULL,4677861,7482216
1522,458887,3115217599.79,NULL,4690133,7508411
1523,462966,3223181496.39,NULL,4701677,7535187
1524,467373,3323352821.65,NULL,4712688,7567031
1525,471816,3566930620,NULL,4724813,7601607
1526,475831,3761880403.51,NULL,4740794,7643809
1527,479949,3914466731.12,NULL,4759489,7690685
1528,482595,4050615028.02,NULL,4774792,7731069
1529,484781,4258766143.57,NULL,4811100,7791478
1530,489991,4590295406.72,NULL,4831021,7839873
1531,494706,4978931765.21,NULL,4857493,7897699
1532,498482,5206486952.06,NULL,4876226,7947449
1533,500957,5363242858.95,NULL,4904451,8006710
1534,504192,5514959669.74,NULL,4926086,8053004
1535,506805,5660670177.04,NULL,4929720,8072745
1536,508914,5790191091.27,NULL,4938024,8092038
1537,511816,5892927584.89,NULL,4954789,8122600
1538,513845,5981054012.14,NULL,4976982,8160070
1539,515469,6055278415.96,NULL,4991313,8188721
1540,517321,6108395657.3,NULL,4995360,8202054
1541,520106,6151416752.17,NULL,5007898,8223082
1542,523433,6191056143.26,NULL,5016433,8240666
1543,524786,6228068306,NULL,5023092,8255685
1544,527791,6259099528.12,NULL,5032169,8273969
1545,529060,6285874436.84,NULL,5046349,8295806
1546,530900,6339455797.13,NULL,5052854,8310839
1547,533235,6378333978.96,NULL,5057302,8323394
1548,534908,6430468064.52,NULL,5072973,8347964
1549,536867,6525734135.93,NULL,5083283,8368627
1550,541934,6565483822.62,NULL,5091101,8388498
1551,548506,6605802962.12,NULL,5103261,8413535
1552,552339,6639517628.74,NULL,5105873,8425433
1553,556766,6670549527.34,NULL,5114988,8442965
1554,559895,6713692300.32,NULL,5125599,8467325
1555,564460,6737687039.48,NULL,5129806,8478840
1556,568259,6796515230.88,NULL,5138172,8498240
1557,571228,6850331119.11,NULL,5161888,8537423
1558,573905,6911718458.71,NULL,5192661,8589278
1559,580431,6978628403.72,NULL,5215277,8637397
1560,583809,7082115643.91,NULL,5249084,8700473
1561,586552,7183234755.04,NULL,5266207,8742385
1562,591420,7258880053.78,NULL,5289717,8791215
1563,597027,7351657769.58,NULL,5334659,8860833
1564,600499,7438397864.9,NULL,5358100,8906924
1565,604565,7517092938.16,NULL,5378786,8950543
1566,606835,7610628795.98,NULL,5399423,8998165
1567,609729,7738337174.9,NULL,5442890,9080917
1568,611904,7848288311.94,NULL,5464527,9133930
1569,615689,7927145125.8,NULL,5468416,9162962
1570,618286,8019545103.71,NULL,5497944,9212814
1571,621807,8123808751.42,NULL,5540494,9281662
1572,623724,8182217292.98,NULL,5554294,9316707
1573,653853,8238557984.76,NULL,5573802,9355575
1574,665931,8290666767.64,NULL,5583191,9381502
1575,674793,8345876841.14,NULL,5594720,9408962
1576,680815,8412019539.62,NULL,5601525,9428654
1577,686898,8460900096.08,NULL,5613149,9451624
1578,696457,8521832824.74,NULL,5622061,9470824
1579,706195,8568835720.08,NULL,5626154,9487372
1580,711392,8621377082.08,NULL,5634009,9506186
1581,716292,8679946477.28,NULL,5707781,9583368
1582,728534,8788543906.51,NULL,5799828,9745100
1583,732465,8878464925.15,NULL,5863856,9854022
1584,737240,8932409902.33,NULL,5889879,9903622
1585,748347,8987609057.61,NULL,5912370,9946225
1586,753316,9093178428.46,NULL,5994051,10068314
1587,754633,9166815200.37,NULL,6063771,10185622
1588,763565,9217392642.61,NULL,6082659,10225761
1589,767183,9259909672.02,NULL,6098329,10257126
1590,769282,9368154865.23,NULL,6191938,10397112
1591,771260,9407716706.29,NULL,6207391,10427209
1592,778634,9450085350.93,NULL,6221412,10454399
1593,782281,9584712030.24,NULL,6270686,10507693
1594,788567,9651053069.89,NULL,6306451,10561165
1595,794987,9686591841.18,NULL,6318557,10574811
1596,800357,9769205151.07,NULL,6365554,10642199
1597,803665,9812304480.83,NULL,6387576,10665664
1598,803092,9859177132.54,NULL,6392713,10678772
1599,NULL,9890101769.5,NULL,6398169,10691247
1600,NULL,9948557762.72,NULL,6472314,10809535
1601,NULL,10010966054.63,NULL,6496920,10853882
1602,NULL,10088033031.85,NULL,6541355,10913146
1603,NULL,10140008108.45,NULL,6573511,10964025
1604,NULL,10199018447.07,NULL,6601205,11008847
1605,NULL,10234561613.17,NULL,6609013,11022782
1606,NULL,10228364893.45,NULL,6607842,11020587
1607,6250,26066,"2022-05-10 21:52:31",9999,175
1608,6250,26066,"2022-05-10 21:52:37",9999,175
1609,6250,26066,"2022-05-10 21:52:42",9999,175
1610,6250,26066,"2022-05-10 21:52:47",9999,175
1611,6250,26066,"2022-05-10 21:52:52",9999,175
