Id,NFTMarket_DailyVolumeUSD,Date
1,296,2018-01-23
2,1278,2018-01-25
3,7728,2018-01-26
4,814,2018-01-27
5,5732,2018-01-28
6,7482,2018-01-29
7,1314,2018-01-30
8,9886,2018-01-31
9,3474,2018-02-01
10,18015,2018-02-02
11,1449,2018-02-03
12,1875,2018-02-04
13,821,2018-02-05
14,646,2018-02-06
15,491,2018-02-07
16,571,2018-02-08
17,248,2018-02-09
18,351,2018-02-10
19,360,2018-02-11
20,83,2018-02-12
21,1202,2018-02-13
22,355,2018-02-14
23,5061,2018-02-15
24,7751,2018-02-16
25,2488,2018-02-17
26,886,2018-02-18
27,367,2018-02-19
28,754,2018-02-20
29,1602,2018-02-21
30,636,2018-02-22
31,942,2018-02-23
32,4136,2018-02-24
33,102,2018-02-25
34,827,2018-02-26
35,494,2018-02-27
36,2112,2018-02-28
37,322,2018-03-01
38,66,2018-03-02
39,181,2018-03-03
40,60,2018-03-04
41,8,2018-03-05
42,56,2018-03-06
43,85,2018-03-07
44,44,2018-03-08
45,56,2018-03-09
46,11,2018-03-10
47,7,2018-03-11
48,12,2018-03-12
49,32,2018-03-13
50,143,2018-03-14
51,167,2018-03-15
52,82,2018-03-16
53,35,2018-03-17
54,96,2018-03-18
55,85,2018-03-19
56,942,2018-03-20
57,143,2018-03-21
58,38,2018-03-22
59,136,2018-03-23
60,112,2018-03-24
61,125,2018-03-25
62,33,2018-03-26
63,36,2018-03-27
64,6,2018-03-28
65,71,2018-03-29
66,115,2018-03-30
67,612,2018-03-31
68,12,2018-04-01
69,27,2018-04-02
70,67,2018-04-03
71,92,2018-04-04
72,510,2018-04-05
73,1004,2018-04-06
74,665,2018-04-07
75,453,2018-04-08
76,426,2018-04-09
77,435,2018-04-10
78,321,2018-04-11
79,449,2018-04-12
80,299,2018-04-13
81,641,2018-04-14
82,359,2018-04-15
83,552,2018-04-16
84,249,2018-04-17
85,27,2018-04-18
86,342,2018-04-19
87,562,2018-04-20
88,304,2018-04-21
89,351,2018-04-22
90,996,2018-04-23
91,835,2018-04-24
92,1328,2018-04-25
93,1156,2018-04-26
94,842,2018-04-27
95,923,2018-04-28
96,854,2018-04-29
97,1293,2018-04-30
98,845,2018-05-01
99,698,2018-05-02
100,476,2018-05-03
101,552,2018-05-04
102,554,2018-05-05
103,1167,2018-05-06
104,1798,2018-05-07
105,701,2018-05-08
106,887,2018-05-09
107,911,2018-05-10
108,684,2018-05-11
109,385,2018-05-12
110,324,2018-05-13
111,270,2018-05-14
112,449,2018-05-15
113,591,2018-05-16
114,181,2018-05-17
115,429,2018-05-18
116,220,2018-05-19
117,601,2018-05-20
118,303,2018-05-21
119,259,2018-05-22
120,373,2018-05-23
121,298,2018-05-24
122,320,2018-05-25
123,291,2018-05-26
124,349,2018-05-27
125,185,2018-05-28
126,294,2018-05-29
127,168,2018-05-30
128,2558,2018-05-31
129,354,2018-06-01
130,36,2018-06-02
131,133,2018-06-03
132,135,2018-06-04
133,34,2018-06-05
134,94,2018-06-06
135,37,2018-06-07
136,82,2018-06-08
137,131,2018-06-09
138,320,2018-06-10
139,184,2018-06-11
140,278,2018-06-12
141,6,2018-06-13
142,104,2018-06-14
143,167,2018-06-15
144,88,2018-06-16
145,97,2018-06-17
146,295,2018-06-18
147,212,2018-06-19
148,7,2018-06-20
149,185,2018-06-21
150,49,2018-06-22
151,30,2018-06-23
152,36,2018-06-24
153,7,2018-06-25
154,11,2018-06-26
155,59,2018-06-27
156,44,2018-06-28
157,10,2018-06-29
158,117,2018-06-30
159,2,2018-07-01
160,3,2018-07-02
161,5,2018-07-03
162,11,2018-07-04
163,2,2018-07-05
164,3,2018-07-06
165,3,2018-07-07
166,104,2018-07-08
167,82,2018-07-09
168,56,2018-07-10
169,254,2018-07-11
170,77,2018-07-12
171,129,2018-07-13
172,6,2018-07-14
173,8,2018-07-15
174,129,2018-07-16
175,86,2018-07-17
176,33,2018-07-18
177,9,2018-07-19
178,34,2018-07-20
179,488,2018-07-21
180,53,2018-07-22
181,95,2018-07-23
182,109,2018-07-24
183,99,2018-07-25
184,97,2018-07-26
185,177,2018-07-27
186,37,2018-07-28
187,93,2018-07-29
188,88,2018-07-30
189,117,2018-07-31
190,56,2018-08-01
191,1288,2018-08-02
192,86,2018-08-03
193,150,2018-08-04
194,86,2018-08-05
195,81,2018-08-06
196,397,2018-08-07
197,86,2018-08-08
198,155,2018-08-09
199,123,2018-08-10
200,69,2018-08-11
201,62,2018-08-12
202,45,2018-08-13
203,32,2018-08-14
204,136,2018-08-15
205,37,2018-08-16
206,35,2018-08-17
207,1394,2018-08-18
208,979,2018-08-19
209,256,2018-08-20
210,665,2018-08-21
211,740,2018-08-22
212,896,2018-08-23
213,490,2018-08-24
214,446,2018-08-25
215,1185,2018-08-26
216,500,2018-08-27
217,832,2018-08-28
218,346,2018-08-29
219,385,2018-08-30
220,262,2018-08-31
221,545,2018-09-01
222,564,2018-09-02
223,242,2018-09-03
224,400,2018-09-04
225,369,2018-09-05
226,392,2018-09-06
227,849,2018-09-07
228,126,2018-09-08
229,2195,2018-09-09
230,92,2018-09-10
231,119,2018-09-11
232,2970,2018-09-12
233,1272,2018-09-13
234,1336,2018-09-14
235,1580,2018-09-15
236,440,2018-09-16
237,162,2018-09-17
238,44,2018-09-18
239,1216,2018-09-19
240,399,2018-09-20
241,342,2018-09-21
242,24,2018-09-22
243,242,2018-09-23
244,104,2018-09-24
245,1588,2018-09-25
246,317,2018-09-26
247,134,2018-09-27
248,201,2018-09-28
249,325,2018-09-29
250,125,2018-09-30
251,188,2018-10-01
252,268,2018-10-02
253,236,2018-10-03
254,10,2018-10-04
255,602,2018-10-05
256,63,2018-10-06
257,168,2018-10-07
258,135,2018-10-08
259,28,2018-10-09
260,76,2018-10-10
261,317,2018-10-11
262,98,2018-10-12
263,774,2018-10-13
264,660,2018-10-14
265,191,2018-10-15
266,535,2018-10-16
267,69,2018-10-17
268,1476,2018-10-18
269,201,2018-10-19
270,255,2018-10-20
271,326,2018-10-21
272,196,2018-10-22
273,142,2018-10-23
274,55,2018-10-24
275,130,2018-10-25
276,113,2018-10-26
277,121,2018-10-27
278,283,2018-10-28
279,6,2018-10-29
280,52,2018-10-30
281,66,2018-10-31
282,769,2018-11-01
283,34,2018-11-02
284,9,2018-11-03
285,176,2018-11-04
286,156,2018-11-05
287,2341,2018-11-06
288,932,2018-11-07
289,1594,2018-11-08
290,3978,2018-11-09
291,887,2018-11-10
292,13691,2018-11-11
293,2277,2018-11-12
294,1709,2018-11-13
295,257,2018-11-14
296,1168,2018-11-15
297,8600,2018-11-16
298,110,2018-11-17
299,297,2018-11-18
300,25,2018-11-19
301,44,2018-11-20
302,493,2018-11-21
303,125,2018-11-22
304,449,2018-11-23
305,491,2018-11-24
306,108,2018-11-25
307,341,2018-11-26
308,90,2018-11-27
309,1376,2018-11-28
310,991,2018-11-29
311,35,2018-11-30
312,43,2018-12-01
313,873,2018-12-02
314,210,2018-12-03
315,856,2018-12-04
316,85,2018-12-05
317,795,2018-12-06
318,92,2018-12-07
319,101,2018-12-08
320,148,2018-12-09
321,339,2018-12-10
322,397,2018-12-11
323,58,2018-12-12
324,1166,2018-12-13
325,154,2018-12-14
326,33,2018-12-15
327,28,2018-12-16
328,282,2018-12-17
329,145,2018-12-18
330,51,2018-12-19
331,311,2018-12-20
332,286,2018-12-21
333,1084,2018-12-22
334,336,2018-12-23
335,73,2018-12-24
336,88,2018-12-25
337,5,2018-12-26
338,48,2018-12-27
339,93,2018-12-28
340,161,2018-12-29
341,48,2018-12-30
342,30,2018-12-31
343,10,2019-01-01
344,36,2019-01-02
345,35,2019-01-03
346,16,2019-01-04
347,1344,2019-01-05
348,200,2019-01-06
349,296,2019-01-07
350,9,2019-01-08
351,60,2019-01-09
352,10,2019-01-10
353,1,2019-01-11
354,78,2019-01-12
355,540,2019-01-13
356,127,2019-01-14
357,1067,2019-01-15
358,510,2019-01-16
359,1093,2019-01-17
360,424,2019-01-18
361,3054,2019-01-19
362,1862,2019-01-20
363,710,2019-01-21
364,698,2019-01-22
365,2917,2019-01-23
366,279,2019-01-24
367,1472,2019-01-25
368,2589,2019-01-26
369,47,2019-01-27
370,94,2019-01-28
371,482,2019-01-29
372,672,2019-01-30
373,74,2019-01-31
374,66,2019-02-01
375,278,2019-02-02
376,181,2019-02-03
377,101,2019-02-04
378,196,2019-02-05
379,90,2019-02-06
380,148,2019-02-07
381,155,2019-02-08
382,1060,2019-02-09
383,351,2019-02-10
384,409,2019-02-11
385,276,2019-02-12
386,297,2019-02-13
387,291,2019-02-14
388,890,2019-02-15
389,289,2019-02-16
390,967,2019-02-17
391,248,2019-02-18
392,368,2019-02-19
393,1027,2019-02-20
394,233,2019-02-21
395,39,2019-02-22
396,388,2019-02-23
397,70,2019-02-24
398,35,2019-02-25
399,89,2019-02-26
400,15,2019-02-27
401,38,2019-02-28
402,164,2019-03-01
403,459,2019-03-02
404,124,2019-03-03
405,91,2019-03-04
406,170,2019-03-05
407,500,2019-03-06
408,459,2019-03-07
409,614,2019-03-08
410,694,2019-03-09
411,2588,2019-03-10
412,1981,2019-03-11
413,3855,2019-03-12
414,4242,2019-03-13
415,543,2019-03-14
416,3323,2019-03-15
417,6985,2019-03-16
418,13057,2019-03-17
419,1009,2019-03-18
420,1916,2019-03-19
421,1290,2019-03-20
422,829,2019-03-21
423,1293,2019-03-22
424,1579,2019-03-23
425,1110,2019-03-24
426,622,2019-03-25
427,460,2019-03-26
428,563,2019-03-27
429,1365,2019-03-28
430,3299,2019-03-29
431,3508,2019-03-30
432,2639,2019-03-31
433,3818,2019-04-01
434,7710,2019-04-02
435,15012,2019-04-03
436,3059,2019-04-04
437,3690,2019-04-05
438,2735,2019-04-06
439,1426,2019-04-07
440,5223,2019-04-08
441,8346,2019-04-09
442,2952,2019-04-10
443,3208,2019-04-11
444,6139,2019-04-12
445,10847,2019-04-13
446,3401,2019-04-14
447,24660,2019-04-15
448,3352,2019-04-16
449,2715,2019-04-17
450,2631,2019-04-18
451,1035,2019-04-19
452,1870,2019-04-20
453,8254,2019-04-21
454,2693,2019-04-22
455,2460,2019-04-23
456,356,2019-04-24
457,1543,2019-04-25
458,941,2019-04-26
459,877,2019-04-27
460,2612,2019-04-28
461,817,2019-04-29
462,858,2019-04-30
463,1430,2019-05-01
464,2009,2019-05-02
465,3278,2019-05-03
466,1071,2019-05-04
467,791,2019-05-05
468,591,2019-05-06
469,725,2019-05-07
470,922,2019-05-08
471,1471,2019-05-09
472,1647,2019-05-10
473,424,2019-05-11
474,782,2019-05-12
475,695,2019-05-13
476,2032,2019-05-14
477,423,2019-05-15
478,6346,2019-05-16
479,1906,2019-05-17
480,5699,2019-05-18
481,5281,2019-05-19
482,4848,2019-05-20
483,2374,2019-05-21
484,5207,2019-05-22
485,3501,2019-05-23
486,2254,2019-05-24
487,795,2019-05-25
488,2165,2019-05-26
489,10905,2019-05-27
490,3543,2019-05-28
491,3080,2019-05-29
492,2096,2019-05-30
493,1577,2019-05-31
494,1244,2019-06-01
495,233,2019-06-02
496,5201,2019-06-03
497,1520,2019-06-04
498,1082,2019-06-05
499,1139,2019-06-06
500,3745,2019-06-07
501,6032,2019-06-08
502,434,2019-06-09
503,351,2019-06-10
504,2302,2019-06-11
505,1056,2019-06-12
506,2080,2019-06-13
507,2049,2019-06-14
508,2455,2019-06-15
509,547,2019-06-16
510,2154,2019-06-17
511,2089,2019-06-18
512,2781,2019-06-19
513,2467,2019-06-20
514,7554,2019-06-21
515,3475,2019-06-22
516,6033,2019-06-23
517,39311,2019-06-24
518,5169,2019-06-25
519,21152,2019-06-26
520,5661,2019-06-27
521,9830,2019-06-28
522,23239,2019-06-29
523,3743,2019-06-30
524,6148,2019-07-01
525,4909,2019-07-02
526,8297,2019-07-03
527,8007,2019-07-04
528,9959,2019-07-05
529,3353,2019-07-06
530,13696,2019-07-07
531,21869,2019-07-08
532,28171,2019-07-09
533,16982,2019-07-10
534,21854,2019-07-11
535,4869,2019-07-12
536,3841,2019-07-13
537,18399,2019-07-14
538,3653,2019-07-15
539,19238,2019-07-16
540,2939,2019-07-17
541,9576,2019-07-18
542,1592,2019-07-19
543,9970,2019-07-20
544,5231,2019-07-21
545,3758,2019-07-22
546,1911,2019-07-23
547,4721,2019-07-24
548,2585,2019-07-25
549,3158,2019-07-26
550,4773,2019-07-27
551,5759,2019-07-28
552,2756,2019-07-29
553,7805,2019-07-30
554,15728,2019-07-31
555,42213,2019-08-01
556,8880,2019-08-02
557,8933,2019-08-03
558,5924,2019-08-04
559,2446,2019-08-05
560,9931,2019-08-06
561,1020,2019-08-07
562,7872,2019-08-08
563,8325,2019-08-09
564,2162,2019-08-10
565,1663,2019-08-11
566,20163,2019-08-12
567,3113,2019-08-13
568,5075,2019-08-14
569,7709,2019-08-15
570,7783,2019-08-16
571,1254,2019-08-17
572,581,2019-08-18
573,3848,2019-08-19
574,4201,2019-08-20
575,541,2019-08-21
576,14535,2019-08-22
577,3000,2019-08-23
578,9247,2019-08-24
579,4166,2019-08-25
580,10602,2019-08-26
581,4685,2019-08-27
582,35679,2019-08-28
583,8423,2019-08-29
584,1920,2019-08-30
585,1711,2019-08-31
586,5554,2019-09-01
587,8545,2019-09-02
588,9244,2019-09-03
589,4680,2019-09-04
590,10291,2019-09-05
591,5146,2019-09-06
592,1426,2019-09-07
593,3049,2019-09-08
594,12653,2019-09-09
595,6180,2019-09-10
596,3442,2019-09-11
597,2944,2019-09-12
598,3663,2019-09-13
599,10571,2019-09-14
600,6835,2019-09-15
601,7570,2019-09-16
602,10757,2019-09-17
603,3073,2019-09-18
604,5796,2019-09-19
605,412,2019-09-20
606,5065,2019-09-21
607,4370,2019-09-22
608,2147,2019-09-23
609,1432,2019-09-24
610,6091,2019-09-25
611,9958,2019-09-26
612,3448,2019-09-27
613,2556,2019-09-28
614,12171,2019-09-29
615,8582,2019-09-30
616,8266,2019-10-01
617,4726,2019-10-02
618,7483,2019-10-03
619,9964,2019-10-04
620,3335,2019-10-05
621,3501,2019-10-06
622,1771,2019-10-07
623,9125,2019-10-08
624,6029,2019-10-09
625,2624,2019-10-10
626,5102,2019-10-11
627,6422,2019-10-12
628,55795,2019-10-13
629,72186,2019-10-14
630,75821,2019-10-15
631,25255,2019-10-16
632,2999,2019-10-17
633,4237,2019-10-18
634,10908,2019-10-19
635,5725,2019-10-20
636,6636,2019-10-21
637,9489,2019-10-22
638,3010,2019-10-23
639,5261,2019-10-24
640,6276,2019-10-25
641,11387,2019-10-26
642,27440,2019-10-27
643,11379,2019-10-28
644,3301,2019-10-29
645,2692,2019-10-30
646,10899,2019-10-31
647,6584,2019-11-01
648,8985,2019-11-02
649,5896,2019-11-03
650,5248,2019-11-04
651,2788,2019-11-05
652,6697,2019-11-06
653,6368,2019-11-07
654,4189,2019-11-08
655,5854,2019-11-09
656,6958,2019-11-10
657,34654,2019-11-11
658,5501,2019-11-12
659,3850,2019-11-13
660,4731,2019-11-14
661,4541,2019-11-15
662,3165,2019-11-16
663,5110,2019-11-17
664,18386,2019-11-18
665,13684,2019-11-19
666,9322,2019-11-20
667,6999,2019-11-21
668,13050,2019-11-22
669,16452,2019-11-23
670,6962,2019-11-24
671,6961,2019-11-25
672,1375,2019-11-26
673,25281,2019-11-27
674,7069,2019-11-28
675,19073,2019-11-29
676,2178,2019-11-30
677,6510,2019-12-01
678,11701,2019-12-02
679,2164,2019-12-03
680,6522,2019-12-04
681,4040,2019-12-05
682,14900,2019-12-06
683,7781,2019-12-07
684,10218,2019-12-08
685,24799,2019-12-09
686,10871,2019-12-10
687,9388,2019-12-11
688,11935,2019-12-12
689,6715,2019-12-13
690,2203,2019-12-14
691,1326,2019-12-15
692,7654,2019-12-16
693,4413,2019-12-17
694,6610,2019-12-18
695,24015,2019-12-19
696,2705,2019-12-20
697,7689,2019-12-21
698,4182,2019-12-22
699,5967,2019-12-23
700,3966,2019-12-24
701,4851,2019-12-25
702,20312,2019-12-26
703,8581,2019-12-27
704,17919,2019-12-28
705,19379,2019-12-29
706,5005,2019-12-30
707,10575,2019-12-31
708,9781,2020-01-01
709,11759,2020-01-02
710,9910,2020-01-03
711,34979,2020-01-04
712,15289,2020-01-05
713,37563,2020-01-06
714,4008,2020-01-07
715,4586,2020-01-08
716,17610,2020-01-09
717,5312,2020-01-10
718,20258,2020-01-11
719,2646,2020-01-12
720,14594,2020-01-13
721,9305,2020-01-14
722,9192,2020-01-15
723,10240,2020-01-16
724,14404,2020-01-17
725,20962,2020-01-18
726,7793,2020-01-19
727,10633,2020-01-20
728,25633,2020-01-21
729,19958,2020-01-22
730,9583,2020-01-23
731,11819,2020-01-24
732,11859,2020-01-25
733,17124,2020-01-26
734,9385,2020-01-27
735,14454,2020-01-28
736,14909,2020-01-29
737,13452,2020-01-30
738,15642,2020-01-31
739,8774,2020-02-01
740,16584,2020-02-02
741,14695,2020-02-03
742,11246,2020-02-04
743,15275,2020-02-05
744,7508,2020-02-06
745,52295,2020-02-07
746,32473,2020-02-08
747,49598,2020-02-09
748,68899,2020-02-10
749,155355,2020-02-11
750,55569,2020-02-12
751,49032,2020-02-13
752,39613,2020-02-14
753,27533,2020-02-15
754,69248,2020-02-16
755,65159,2020-02-17
756,46938,2020-02-18
757,41110,2020-02-19
758,28167,2020-02-20
759,110179,2020-02-21
760,48731,2020-02-22
761,36144,2020-02-23
762,79303,2020-02-24
763,20525,2020-02-25
764,15947,2020-02-26
765,31497,2020-02-27
766,16386,2020-02-28
767,14091,2020-02-29
768,23267,2020-03-01
769,31652,2020-03-02
770,15848,2020-03-03
771,11925,2020-03-04
772,16293,2020-03-05
773,14744,2020-03-06
774,8868,2020-03-07
775,20501,2020-03-08
776,12640,2020-03-09
777,18125,2020-03-10
778,10304,2020-03-11
779,3992,2020-03-12
780,7639,2020-03-13
781,10194,2020-03-14
782,6215,2020-03-15
783,6610,2020-03-16
784,5099,2020-03-17
785,12038,2020-03-18
786,47676,2020-03-19
787,9019,2020-03-20
788,24539,2020-03-21
789,17979,2020-03-22
790,6749,2020-03-23
791,9564,2020-03-24
792,12478,2020-03-25
793,33434,2020-03-26
794,10510,2020-03-27
795,20246,2020-03-28
796,9241,2020-03-29
797,10992,2020-03-30
798,9811,2020-03-31
799,5146,2020-04-01
800,12216,2020-04-02
801,12882,2020-04-03
802,29972,2020-04-04
803,14607,2020-04-05
804,12622,2020-04-06
805,15864,2020-04-07
806,17399,2020-04-08
807,19407,2020-04-09
808,87963,2020-04-10
809,14175,2020-04-11
810,8119,2020-04-12
811,20924,2020-04-13
812,9628,2020-04-14
813,8725,2020-04-15
814,57618,2020-04-16
815,25943,2020-04-17
816,51973,2020-04-18
817,8358,2020-04-19
818,10144,2020-04-20
819,47413,2020-04-21
820,23269,2020-04-22
821,57109,2020-04-23
822,22331,2020-04-24
823,42454,2020-04-25
824,7211,2020-04-26
825,12576,2020-04-27
826,9596,2020-04-28
827,18786,2020-04-29
828,31099,2020-04-30
829,43041,2020-05-01
830,80567,2020-05-02
831,12522,2020-05-03
832,18341,2020-05-04
833,18997,2020-05-05
834,7208,2020-05-06
835,23035,2020-05-07
836,33166,2020-05-08
837,25599,2020-05-09
838,10232,2020-05-10
839,12947,2020-05-11
840,10430,2020-05-12
841,12090,2020-05-13
842,17251,2020-05-14
843,31159,2020-05-15
844,16354,2020-05-16
845,15877,2020-05-17
846,17992,2020-05-18
847,10179,2020-05-19
848,13773,2020-05-20
849,34666,2020-05-21
850,62178,2020-05-22
851,26424,2020-05-23
852,173438,2020-05-24
853,8436,2020-05-25
854,13924,2020-05-26
855,12201,2020-05-27
856,7603,2020-05-28
857,18477,2020-05-29
858,16050,2020-05-30
859,12063,2020-05-31
860,28450,2020-06-01
861,35416,2020-06-02
862,24916,2020-06-03
863,15934,2020-06-04
864,13695,2020-06-05
865,9629,2020-06-06
866,10484,2020-06-07
867,11978,2020-06-08
868,30323,2020-06-09
869,8093,2020-06-10
870,10916,2020-06-11
871,10683,2020-06-12
872,50634,2020-06-13
873,34414,2020-06-14
874,24891,2020-06-15
875,23333,2020-06-16
876,9899,2020-06-17
877,56718,2020-06-18
878,24471,2020-06-19
879,8932,2020-06-20
880,17356,2020-06-21
881,15134,2020-06-22
882,9767,2020-06-23
883,7234,2020-06-24
884,10991,2020-06-25
885,12327,2020-06-26
886,7525,2020-06-27
887,9455,2020-06-28
888,20365,2020-06-29
889,34888,2020-06-30
890,40730,2020-07-01
891,19229,2020-07-02
892,14519,2020-07-03
893,22676,2020-07-04
894,13653,2020-07-05
895,19224,2020-07-06
896,8448,2020-07-07
897,14218,2020-07-08
898,14234,2020-07-09
899,13343,2020-07-10
900,62504,2020-07-11
901,23395,2020-07-12
902,42073,2020-07-13
903,33873,2020-07-14
904,17947,2020-07-15
905,10057,2020-07-16
906,17138,2020-07-17
907,6343,2020-07-18
908,19727,2020-07-19
909,18418,2020-07-20
910,18899,2020-07-21
911,24277,2020-07-22
912,7297,2020-07-23
913,21422,2020-07-24
914,11016,2020-07-25
915,33260,2020-07-26
916,9814,2020-07-27
917,11092,2020-07-28
918,13029,2020-07-29
919,27006,2020-07-30
920,8787,2020-07-31
921,12651,2020-08-01
922,12654,2020-08-02
923,7774,2020-08-03
924,10865,2020-08-04
925,10432,2020-08-05
926,32998,2020-08-06
927,30838,2020-08-07
928,51059,2020-08-08
929,41765,2020-08-09
930,28706,2020-08-10
931,28966,2020-08-11
932,7303,2020-08-12
933,14385,2020-08-13
934,20828,2020-08-14
935,90166,2020-08-15
936,43482,2020-08-16
937,4701,2020-08-17
938,63323,2020-08-18
939,21198,2020-08-19
940,22191,2020-08-20
941,33915,2020-08-21
942,26756,2020-08-22
943,19914,2020-08-23
944,51217,2020-08-24
945,29065,2020-08-25
946,12492,2020-08-26
947,20367,2020-08-27
948,205593,2020-08-28
949,13885,2020-08-29
950,16129,2020-08-30
951,59873,2020-08-31
952,24694,2020-09-01
953,4521,2020-09-02
954,9617,2020-09-03
955,40913,2020-09-04
956,9038,2020-09-05
957,21753,2020-09-06
958,11524,2020-09-07
959,14052,2020-09-08
960,22431,2020-09-09
961,33116,2020-09-10
962,42824,2020-09-11
963,44422,2020-09-12
964,43739,2020-09-13
965,1552107,2020-09-14
966,424910,2020-09-15
967,50857,2020-09-16
968,93200,2020-09-17
969,168703,2020-09-18
970,82775,2020-09-19
971,201108,2020-09-20
972,32688,2020-09-21
973,83896,2020-09-22
974,100659,2020-09-23
975,334603,2020-09-24
976,227520,2020-09-25
977,242065,2020-09-26
978,237710,2020-09-27
979,424288,2020-09-28
980,256902,2020-09-29
981,176376,2020-09-30
982,183266,2020-10-01
983,136704,2020-10-02
984,235287,2020-10-03
985,146984,2020-10-04
986,131434,2020-10-05
987,100500,2020-10-06
988,132927,2020-10-07
989,178663,2020-10-08
990,118815,2020-10-09
991,123839,2020-10-10
992,93128,2020-10-11
993,133962,2020-10-12
994,122844,2020-10-13
995,145729,2020-10-14
996,139455,2020-10-15
997,87343,2020-10-16
998,89776,2020-10-17
999,137188,2020-10-18
1000,238800,2020-10-19
1001,84035,2020-10-20
1002,123101,2020-10-21
1003,66175,2020-10-22
1004,113675,2020-10-23
1005,190525,2020-10-24
1006,100449,2020-10-25
1007,96561,2020-10-26
1008,80508,2020-10-27
1009,132122,2020-10-28
1010,259500,2020-10-29
1011,94968,2020-10-30
1012,104713,2020-10-31
1013,119821,2020-11-01
1014,130196,2020-11-02
1015,201310,2020-11-03
1016,183414,2020-11-04
1017,87891,2020-11-05
1018,195536,2020-11-06
1019,99597,2020-11-07
1020,60845,2020-11-08
1021,149080,2020-11-09
1022,118508,2020-11-10
1023,174366,2020-11-11
1024,78051,2020-11-12
1025,139610,2020-11-13
1026,170108,2020-11-14
1027,77443,2020-11-15
1028,83212,2020-11-16
1029,119561,2020-11-17
1030,104744,2020-11-18
1031,151024,2020-11-19
1032,116802,2020-11-20
1033,297021,2020-11-21
1034,66751,2020-11-22
1035,87784,2020-11-23
1036,76849,2020-11-24
1037,110277,2020-11-25
1038,168518,2020-11-26
1039,145634,2020-11-27
1040,92897,2020-11-28
1041,132265,2020-11-29
1042,101288,2020-11-30
1043,40894,2020-12-01
1044,348983,2020-12-02
1045,113606,2020-12-03
1046,247045,2020-12-04
1047,54017,2020-12-05
1048,82415,2020-12-06
1049,106851,2020-12-07
1050,106091,2020-12-08
1051,79889,2020-12-09
1052,85633,2020-12-10
1053,155686,2020-12-11
1054,83360,2020-12-12
1055,202347,2020-12-13
1056,151496,2020-12-14
1057,112461,2020-12-15
1058,208138,2020-12-16
1059,160465,2020-12-17
1060,110934,2020-12-18
1061,148689,2020-12-19
1062,293279,2020-12-20
1063,259718,2020-12-21
1064,215518,2020-12-22
1065,167271,2020-12-23
1066,229372,2020-12-24
1067,132985,2020-12-25
1068,97819,2020-12-26
1069,84616,2020-12-27
1070,114293,2020-12-28
1071,145543,2020-12-29
1072,148756,2020-12-30
1073,118638,2020-12-31
1074,144140,2021-01-01
1075,118769,2021-01-02
1076,139538,2021-01-03
1077,109323,2021-01-04
1078,344821,2021-01-05
1079,450811,2021-01-06
1080,185594,2021-01-07
1081,204446,2021-01-08
1082,276329,2021-01-09
1083,277552,2021-01-10
1084,155614,2021-01-11
1085,97377,2021-01-12
1086,173364,2021-01-13
1087,198986,2021-01-14
1088,139796,2021-01-15
1089,317650,2021-01-16
1090,380817,2021-01-17
1091,245837,2021-01-18
1092,375466,2021-01-19
1093,223406,2021-01-20
1094,237376,2021-01-21
1095,252098,2021-01-22
1096,261734,2021-01-23
1097,306749,2021-01-24
1098,366274,2021-01-25
1099,221878,2021-01-26
1100,338096,2021-01-27
1101,422822,2021-01-28
1102,512580,2021-01-29
1103,303652,2021-01-30
1104,756630,2021-01-31
1105,472846,2021-02-01
1106,408774,2021-02-02
1107,738390,2021-02-03
1108,338570,2021-02-04
1109,821811,2021-02-05
1110,1252683,2021-02-06
1111,428379,2021-02-07
1112,517811,2021-02-08
1113,971777,2021-02-09
1114,633310,2021-02-10
1115,755797,2021-02-11
1116,867952,2021-02-12
1117,1571087,2021-02-13
1118,2026169,2021-02-14
1119,1099502,2021-02-15
1120,4590031,2021-02-16
1121,4417117,2021-02-17
1122,2647137,2021-02-18
1123,5752380,2021-02-19
1124,2792756,2021-02-20
1125,7387744,2021-02-21
1126,17107846,2021-02-22
1127,6556829,2021-02-23
1128,5718919,2021-02-24
1129,4621565,2021-02-25
1130,3081704,2021-02-26
1131,4345508,2021-02-27
1132,4853991,2021-02-28
1133,3928234,2021-03-01
1134,7183055,2021-03-02
1135,8229639,2021-03-03
1136,4896291,2021-03-04
1137,5766565,2021-03-05
1138,4385069,2021-03-06
1139,3948589,2021-03-07
1140,5267817,2021-03-08
1141,6329586,2021-03-09
1142,5762416,2021-03-10
1143,26488657,2021-03-11
1144,14315881,2021-03-12
1145,12142774,2021-03-13
1146,13013578,2021-03-14
1147,8911739,2021-03-15
1148,8510598,2021-03-16
1149,8170548,2021-03-17
1150,9328334,2021-03-18
1151,5806267,2021-03-19
1152,8461995,2021-03-20
1153,8701949,2021-03-21
1154,6548616,2021-03-22
1155,6480184,2021-03-23
1156,6395430,2021-03-24
1157,4018220,2021-03-25
1158,4743939,2021-03-26
1159,4647805,2021-03-27
1160,5971151,2021-03-28
1161,5371182,2021-03-29
1162,8054982,2021-03-30
1163,12266937,2021-03-31
1164,8357708,2021-04-01
1165,4695995,2021-04-02
1166,4483929,2021-04-03
1167,3630008,2021-04-04
1168,5387614,2021-04-05
1169,4504140,2021-04-06
1170,3606883,2021-04-07
1171,12214714,2021-04-08
1172,7720663,2021-04-09
1173,5408449,2021-04-10
1174,7198815,2021-04-11
1175,6333702,2021-04-12
1176,7418996,2021-04-13
1177,5633816,2021-04-14
1178,5508712,2021-04-15
1179,5793594,2021-04-16
1180,4631388,2021-04-17
1181,5013781,2021-04-18
1182,5527601,2021-04-19
1183,4741506,2021-04-20
1184,4313468,2021-04-21
1185,4461537,2021-04-22
1186,4395900,2021-04-23
1187,3098431,2021-04-24
1188,2130324,2021-04-25
1189,3109698,2021-04-26
1190,7260662,2021-04-27
1191,3831072,2021-04-28
1192,3005765,2021-04-29
1193,3703599,2021-04-30
1194,4597276,2021-05-01
1195,5575469,2021-05-02
1196,16226597,2021-05-03
1197,8482746,2021-05-04
1198,5644485,2021-05-05
1199,4333437,2021-05-06
1200,2736088,2021-05-07
1201,5311829,2021-05-08
1202,3757188,2021-05-09
1203,3602569,2021-05-10
1204,4028911,2021-05-11
1205,3842693,2021-05-12
1206,5344016,2021-05-13
1207,4108912,2021-05-14
1208,3325023,2021-05-15
1209,1527994,2021-05-16
1210,1693242,2021-05-17
1211,2822877,2021-05-18
1212,1646541,2021-05-19
1213,1092350,2021-05-20
1214,4875740,2021-05-21
1215,1807809,2021-05-22
1216,1783051,2021-05-23
1217,2600547,2021-05-24
1218,1692668,2021-05-25
1219,1801598,2021-05-26
1220,2308546,2021-05-27
1221,2076867,2021-05-28
1222,1894054,2021-05-29
1223,1495615,2021-05-30
1224,1389029,2021-05-31
1225,2083240,2021-06-01
1226,2093032,2021-06-02
1227,1565658,2021-06-03
1228,1435704,2021-06-04
1229,939816,2021-06-05
1230,1603309,2021-06-06
1231,2204320,2021-06-07
1232,2786769,2021-06-08
1233,2619583,2021-06-09
1234,2701489,2021-06-10
1235,3071843,2021-06-11
1236,1988112,2021-06-12
1237,2519480,2021-06-13
1238,2262335,2021-06-14
1239,2763405,2021-06-15
1240,3166618,2021-06-16
1241,2725308,2021-06-17
1242,1636254,2021-06-18
1243,1048138,2021-06-19
1244,4491143,2021-06-20
1245,6158364,2021-06-21
1246,3270782,2021-06-22
1247,3004027,2021-06-23
1248,2885282,2021-06-24
1249,4415975,2021-06-25
1250,4042545,2021-06-26
1251,3346824,2021-06-27
1252,4280827,2021-06-28
1253,4722557,2021-06-29
1254,4795744,2021-06-30
1255,4074253,2021-07-01
1256,3847780,2021-07-02
1257,2638734,2021-07-03
1258,5962361,2021-07-04
1259,6087282,2021-07-05
1260,5204896,2021-07-06
1261,4748461,2021-07-07
1262,5839514,2021-07-08
1263,7940782,2021-07-09
1264,6607696,2021-07-10
1265,7426336,2021-07-11
1266,7534165,2021-07-12
1267,8312321,2021-07-13
1268,5376952,2021-07-14
1269,8622433,2021-07-15
1270,9634238,2021-07-16
1271,13216990,2021-07-17
1272,6639350,2021-07-18
1273,8305976,2021-07-19
1274,7675340,2021-07-20
1275,6291932,2021-07-21
1276,5027444,2021-07-22
1277,5723541,2021-07-23
1278,6689734,2021-07-24
1279,5894605,2021-07-25
1280,8330025,2021-07-26
1281,10139326,2021-07-27
1282,13925532,2021-07-28
1283,15535510,2021-07-29
1284,39986810,2021-07-30
1285,59546069,2021-07-31
1286,64553447,2021-08-01
1287,23086452,2021-08-02
1288,36968043,2021-08-03
1289,66891881,2021-08-04
1290,73330920,2021-08-05
1291,94801162,2021-08-06
1292,53751109,2021-08-07
1293,52006014,2021-08-08
1294,47111054,2021-08-09
1295,44677069,2021-08-10
1296,43756360,2021-08-11
1297,34070347,2021-08-12
1298,41369245,2021-08-13
1299,46275150,2021-08-14
1300,45237474,2021-08-15
1301,31685598,2021-08-16
1302,31464618,2021-08-17
1303,32773720,2021-08-18
1304,30841542,2021-08-19
1305,56088218,2021-08-20
1306,61786498,2021-08-21
1307,76046596,2021-08-22
1308,194753117,2021-08-23
1309,173909780,2021-08-24
1310,136059444,2021-08-25
1311,131706091,2021-08-26
1312,154514538,2021-08-27
1313,322543958,2021-08-28
1314,179582907,2021-08-29
1315,144671041,2021-08-30
1316,125791246,2021-08-31
1317,144748019,2021-09-01
1318,167695165,2021-09-02
1319,140312060,2021-09-03
1320,126402666,2021-09-04
1321,118901345,2021-09-05
1322,119521159,2021-09-06
1323,102059545,2021-09-07
1324,71538932,2021-09-08
1325,61618086,2021-09-09
1326,59122744,2021-09-10
1327,52058245,2021-09-11
1328,40174319,2021-09-12
1329,58991849,2021-09-13
1330,61860028,2021-09-14
1331,66638383,2021-09-15
1332,113307508,2021-09-16
1333,68337866,2021-09-17
1334,84566870,2021-09-18
1335,90698022,2021-09-19
1336,63866444,2021-09-20
1337,52630729,2021-09-21
1338,45280804,2021-09-22
1339,84441972,2021-09-23
1340,72842270,2021-09-24
1341,69179865,2021-09-25
1342,65853248,2021-09-26
1343,80122454,2021-09-27
1344,76762483,2021-09-28
1345,77903557,2021-09-29
1346,94135952,2021-09-30
1347,86637201,2021-10-01
1348,78435251,2021-10-02
1349,115624180,2021-10-03
1350,139924972,2021-10-04
1351,136499731,2021-10-05
1352,101481511,2021-10-06
1353,135587053,2021-10-07
1354,114510763,2021-10-08
1355,79581353,2021-10-09
1356,79767040,2021-10-10
1357,71822127,2021-10-11
1358,71584154,2021-10-12
1359,91104578,2021-10-13
1360,71774564,2021-10-14
1361,92387338,2021-10-15
1362,59283830,2021-10-16
1363,119426707,2021-10-17
1364,51627607,2021-10-18
1365,61492130,2021-10-19
1366,55820558,2021-10-20
1367,59051108,2021-10-21
1368,70846717,2021-10-22
1369,77199809,2021-10-23
1370,64110009,2021-10-24
1371,61917023,2021-10-25
1372,54461375,2021-10-26
1373,51403204,2021-10-27
1374,42434607,2021-10-28
1375,46752564,2021-10-29
1376,35861662,2021-10-30
1377,43160520,2021-10-31
1378,46323304,2021-11-01
1379,39807398,2021-11-02
1380,55815389,2021-11-03
1381,49976775,2021-11-04
1382,45310972,2021-11-05
1383,44505698,2021-11-06
1384,45401157,2021-11-07
1385,48290120,2021-11-08
1386,40007536,2021-11-09
1387,55397441,2021-11-10
1388,39125556,2021-11-11
1389,54802690,2021-11-12
1390,97623408,2021-11-13
1391,105994869,2021-11-14
1392,85002513,2021-11-15
1393,99206142,2021-11-16
1394,95411742,2021-11-17
1395,81031528,2021-11-18
1396,72336233,2021-11-19
1397,72588942,2021-11-20
1398,94330327,2021-11-21
1399,103665045,2021-11-22
1400,76883602,2021-11-23
1401,83355639,2021-11-24
1402,68530238,2021-11-25
1403,65486170,2021-11-26
1404,79018894,2021-11-27
1405,86197743,2021-11-28
1406,106844758,2021-11-29
1407,105983625,2021-11-30
1408,79820353,2021-12-01
1409,77725215,2021-12-02
1410,81570886,2021-12-03
1411,60864584,2021-12-04
1412,67791665,2021-12-05
1413,68714443,2021-12-06
1414,110720550,2021-12-07
1415,77210241,2021-12-08
1416,104401009,2021-12-09
1417,95822206,2021-12-10
1418,75025409,2021-12-11
1419,79942467,2021-12-12
1420,156016519,2021-12-13
1421,134377085,2021-12-14
1422,93084961,2021-12-15
1423,87680643,2021-12-16
1424,95244060,2021-12-17
1425,112821588,2021-12-18
1426,72269254,2021-12-19
1427,67988416,2021-12-20
1428,84944391,2021-12-21
1429,79430534,2021-12-22
1430,87721293,2021-12-23
1431,132462785,2021-12-24
1432,84135612,2021-12-25
1433,110808728,2021-12-26
1434,175620655,2021-12-27
1435,21373990,2021-12-28
1436,29568568,2021-12-29
1437,62016663,2021-12-30
1438,10412950,2021-12-31
1439,70737590,2022-01-01
1440,9969884,2022-01-02
1441,14626962,2022-01-03
1442,99500969,2022-01-04
1443,7688379,2022-01-05
1444,1141254,2022-01-06